基金代码,基金名称,币种,份额类别,市场标签,交易场所,净值日期,近1年收益率,近3年收益率,近5年收益率,近10年收益率,日累计申购限额,限额来源,申购状态,赎回状态,天天基金申购费,管理费率,托管费率,销售服务费率,申购费率明细,赎回费率明细,定期报告链接
019738,宝盈纳斯达克100指数发起(QDII)A美元现汇,美元,未标明,纳指,场外/联接/LOF,,--,--,--,--,,,封闭期,封闭期,,0.50%（每年）,0.15%（每年）,0.00%（每年）,小于20万美元: 1.20%；大于等于20万美元，小于40万美元: 0.90%；大于等于40万美元，小于100万美元: 0.60%；大于等于100万美元: 每笔200美元,小于7天: 1.50%；大于等于7天: 0.00%,https://fundf10.eastmoney.com/jjgg_019738_3.html
019736,宝盈纳斯达克100指数发起(QDII)A人民币,人民币,A,纳指,场外/联接/LOF,2026-05-21,29.52%,--,--,--,100元,天天基金F10基本概况实时交易状态,限大额,开放赎回,0.12%,0.50%（每年）,0.15%（每年）,0.00%（每年）,小于100万元: 1.20% | 0.12%；大于等于100万元，小于200万元: 0.90% | 0.09%；大于等于200万元，小于500万元: 0.60% | 0.06%；大于等于500万元: 每笔1000元,小于7天: 1.50%；大于等于7天: 0.00%,https://fundf10.eastmoney.com/jjgg_019736_3.html
019739,宝盈纳斯达克100指数发起(QDII)C美元现汇,美元,未标明,纳指,场外/联接/LOF,,--,--,--,--,,,封闭期,封闭期,,0.50%（每年）,0.15%（每年）,0.25%（每年）,---: 0.00%,小于7天: 1.50%；大于等于7天: 0.00%,https://fundf10.eastmoney.com/jjgg_019739_3.html
019737,宝盈纳斯达克100指数发起(QDII)C人民币,人民币,C,纳指,场外/联接/LOF,2026-05-21,29.22%,--,--,--,100元,天天基金F10基本概况实时交易状态,限大额,开放赎回,0.00%,0.50%（每年）,0.15%（每年）,0.25%（每年）,---: 0.00%,小于7天: 1.50%；大于等于7天: 0.00%,https://fundf10.eastmoney.com/jjgg_019737_3.html
016056,博时纳斯达克100ETF发起式联接(QDII)A美元现汇,美元,未标明,纳指,场外/联接/LOF,2026-05-21,38.88%,97.53%,--,--,,,暂停申购,开放赎回,,0.50%（每年）,0.15%（每年）,0.00%（每年）,小于20万美元: 1.00%；大于等于20万美元，小于60万美元: 0.50%；大于等于60万美元: 每笔200美元,小于7天: 1.50%；大于等于7天: 0.00%,https://fundf10.eastmoney.com/jjgg_016056_3.html
016055,博时纳斯达克100ETF发起式联接(QDII)A人民币,人民币,A,纳指,场外/联接/LOF,2026-05-21,31.92%,91.32%,--,--,100元,天天基金F10基本概况实时交易状态,暂停申购,开放赎回,0.10%,0.50%（每年）,0.15%（每年）,0.00%（每年）,小于100万元: 1.00% | 0.10%；大于等于100万元，小于300万元: 0.50% | 0.05%；大于等于300万元: 每笔300元,小于7天: 1.50%；大于等于7天: 0.00%,https://fundf10.eastmoney.com/jjgg_016055_3.html
016058,博时纳斯达克100ETF发起式联接(QDII)C美元现汇,美元,未标明,纳指,场外/联接/LOF,2026-05-21,38.48%,95.86%,--,--,,,暂停申购,开放赎回,,0.50%（每年）,0.15%（每年）,0.30%（每年）,---: 0.00%,小于7天: 1.50%；大于等于7天: 0.00%,https://fundf10.eastmoney.com/jjgg_016058_3.html
016057,博时纳斯达克100ETF发起式联接(QDII)C人民币,人民币,C,纳指,场外/联接/LOF,2026-05-21,31.53%,89.74%,--,--,100元,天天基金F10基本概况实时交易状态,暂停申购,开放赎回,0.00%,0.50%（每年）,0.15%（每年）,0.30%（每年）,---: 0.00%,小于7天: 1.50%；大于等于7天: 0.00%,https://fundf10.eastmoney.com/jjgg_016057_3.html
024237,博时纳斯达克100ETF发起式联接(QDII)I人民币,人民币,I,纳指,场外/联接/LOF,2026-05-21,31.70%,--,--,--,,,暂停申购,开放赎回,,0.50%（每年）,0.15%（每年）,0.15%（每年）,---: 0.00%,小于7天: 1.50%；大于等于7天: 0.00%,https://fundf10.eastmoney.com/jjgg_024237_3.html
000834,大成纳斯达克100ETF联接(QDII)A,人民币,A,纳指,场外/联接/LOF,2026-05-21,32.10%,91.32%,111.31%,483.48%,100元,天天基金F10基本概况实时交易状态,限大额,开放赎回,0.12%,0.80%（每年）,0.20%（每年）,0.00%（每年）,小于50万元: 1.20% | 0.12%；大于等于50万元，小于200万元: 1.00% | 0.10%；大于等于200万元，小于500万元: 0.60% | 0.06%；大于等于500万元，小于1000万元: 0.40% | 0.04%；大于等于1000万元: 每笔1000元,小于7天: 1.50%；大于等于7天，小于1年: 0.50%；大于等于1年，小于2年: 0.25%；大于等于2年: 0.00%,https://fundf10.eastmoney.com/jjgg_000834_3.html
008971,大成纳斯达克100ETF联接(QDII)C,人民币,C,纳指,场外/联接/LOF,2026-05-24,31.70%,--,--,--,100元,天天基金F10基本概况实时交易状态,限大额,开放赎回,0.00%,0.80%（每年）,0.20%（每年）,0.30%（每年）,---: 0.00%,小于7天: 1.50%；大于等于7天: 0.00%,https://fundf10.eastmoney.com/jjgg_008971_3.html
000055,广发纳斯达克100ETF联接美元(QDII)A,美元,A,纳指,场外/联接/LOF,2026-05-21,37.81%,103.32%,105.42%,422.28%,280美元,广发基金官网直销限额接口,限大额,开放赎回,,0.80%（每年）,0.20%（每年）,0.00%（每年）,小于20万美元: 1.30%；大于等于20万美元，小于100万美元: 0.70%；大于等于100万美元，小于200万美元: 0.20%；大于等于200万美元: 每笔200美元,小于7天: 1.50%；大于等于7天，小于1年: 0.50%；大于等于1年，小于2年: 0.30%；大于等于2年: 0.00%,https://fundf10.eastmoney.com/jjgg_000055_3.html
006480,广发纳斯达克100ETF联接美元(QDII)C,美元,C,纳指,场外/联接/LOF,2026-05-21,37.53%,102.09%,103.22%,--,280美元,广发基金官网直销限额接口,限大额,开放赎回,,0.80%（每年）,0.20%（每年）,0.20%（每年）,---: 0.00%,小于7天: 1.50%；大于等于7天: 0.00%,https://fundf10.eastmoney.com/jjgg_006480_3.html
270042,广发纳斯达克100ETF联接人民币(QDII)A,人民币,A,纳指,场外/联接/LOF,2026-05-21,32.13%,95.93%,114.31%,441.90%,10元,广发基金官网直销限额接口,限大额,开放赎回,0.13%,0.80%（每年）,0.20%（每年）,0.00%（每年）,小于100万元: 1.30% | 0.13%；大于等于100万元，小于500万元: 0.70% | 0.07%；大于等于500万元，小于1000万元: 0.20% | 0.02%；大于等于1000万元: 每笔1000元,小于7天: 1.50%；大于等于7天，小于1年: 0.50%；大于等于1年，小于2年: 0.30%；大于等于2年: 0.00%,https://fundf10.eastmoney.com/jjgg_270042_3.html
006479,广发纳斯达克100ETF联接人民币(QDII)C,人民币,C,纳指,场外/联接/LOF,2026-05-21,31.86%,94.76%,112.00%,--,10元,广发基金官网直销限额接口,限大额,开放赎回,0.00%,0.80%（每年）,0.20%（每年）,0.20%（每年）,---: 0.00%,小于7天: 1.50%；大于等于7天: 0.00%,https://fundf10.eastmoney.com/jjgg_006479_3.html
021778,广发纳指100ETF联接(QDII)人民币F,人民币,F,纳指,场外/联接/LOF,2026-05-21,31.89%,--,--,--,"3,000元",广发基金官网直销限额接口,限大额,开放赎回,,0.80%（每年）,0.20%（每年）,0.18%（每年）,---: 0.00%,小于7天: 1.50%；大于等于7天: 0.00%,https://fundf10.eastmoney.com/jjgg_021778_3.html
160213,国泰纳斯达克100指数,人民币,未标明,纳指,场外/联接/LOF,2026-05-21,31.98%,103.54%,123.88%,425.63%,100元,天天基金F10基本概况实时交易状态,限大额,开放赎回,0.15%,0.80%（每年）,0.20%（每年）,---,小于50万元: 1.50% | 0.15%；大于等于50万元，小于200万元: 1.20% | 0.12%；大于等于200万元，小于500万元: 0.80% | 0.08%；大于等于500万元: 每笔1000元,小于7天: 1.50%；大于等于7天，小于365天: 0.50%；大于等于365天，小于730天: 0.25%；大于等于730天: 0.00%,https://fundf10.eastmoney.com/jjgg_160213_3.html
040046,华安纳斯达克100ETF联接(QDII)A,人民币,A,纳指,场外/联接/LOF,2026-05-21,32.68%,92.54%,110.33%,516.97%,10元,天天基金F10基本概况实时交易状态,限大额,开放赎回,0.12%,0.60%（每年）,0.20%（每年）,0.00%（每年）,小于100万元: 1.20% | 0.12%；大于等于100万元，小于300万元: 0.80% | 0.08%；大于等于300万元，小于500万元: 0.40% | 0.04%；大于等于500万元: 每笔1000元,小于7天: 1.50%；大于等于7天: 0.00%,https://fundf10.eastmoney.com/jjgg_040046_3.html
040047,华安纳斯达克100ETF联接(QDII)A美元现钞,美元,未标明,纳指,场外/联接/LOF,2026-05-21,39.67%,98.79%,97.92%,491.06%,,,暂停申购,开放赎回,,0.60%（每年）,0.20%（每年）,0.00%（每年）,小于15万美元: 1.20%；大于等于15万美元，小于50万美元: 0.80%；大于等于50万美元，小于80万美元: 0.40%；大于等于80万美元: 每笔150美元,小于7天: 1.50%；大于等于7天: 0.00%,https://fundf10.eastmoney.com/jjgg_040047_3.html
040048,华安纳斯达克100ETF联接(QDII)A美元现汇,美元,未标明,纳指,场外/联接/LOF,2026-05-21,39.67%,98.79%,97.92%,491.06%,,,暂停申购,开放赎回,,0.60%（每年）,0.20%（每年）,0.00%（每年）,小于15万美元: 1.20%；大于等于15万美元，小于50万美元: 0.80%；大于等于50万美元，小于80万美元: 0.40%；大于等于80万美元: 每笔150美元,小于7天: 1.50%；大于等于7天: 0.00%,https://fundf10.eastmoney.com/jjgg_040048_3.html
014978,华安纳斯达克100ETF联接(QDII)C,人民币,C,纳指,场外/联接/LOF,2026-05-24,32.42%,91.38%,--,--,10元,天天基金F10基本概况实时交易状态,限大额,开放赎回,0.00%,0.60%（每年）,0.20%（每年）,0.20%（每年）,---: 0.00%,小于7天: 1.50%；大于等于7天: 0.00%,https://fundf10.eastmoney.com/jjgg_014978_3.html
017436,华宝纳斯达克精选股票发起式(QDII)A,人民币,A,纳指,场外/联接/LOF,2026-05-25,32.17%,103.39%,--,--,5000元,天天基金F10基本概况实时交易状态,限大额,开放赎回,0.15%,1.20%（每年）,0.20%（每年）,0.00%（每年）,小于100万元: 1.50% | 0.15%；大于等于100万元，小于200万元: 1.00% | 0.10%；大于等于200万元: 每笔1000元,小于7天: 1.50%；大于等于7天，小于30天: 0.75%；大于等于30天，小于180天: 0.50%；大于等于180天: 0.00%,https://fundf10.eastmoney.com/jjgg_017436_3.html
017437,华宝纳斯达克精选股票发起式(QDII)C,人民币,C,纳指,场外/联接/LOF,2026-05-25,31.64%,100.97%,--,--,5000元,天天基金F10基本概况实时交易状态,限大额,开放赎回,0.00%,1.20%（每年）,0.20%（每年）,0.40%（每年）,---: 0.00%,小于7天: 1.50%；大于等于7天，小于30天: 0.50%；大于等于30天: 0.00%,https://fundf10.eastmoney.com/jjgg_017437_3.html
019524,华泰柏瑞纳斯达克100ETF发起式联接(QDII)A,人民币,A,纳指,场外/联接/LOF,2026-05-21,30.27%,--,--,--,10元,天天基金F10基本概况实时交易状态,限大额,开放赎回,0.12%,0.50%（每年）,0.15%（每年）,0.00%（每年）,小于100万元: 1.20% | 0.12%；大于等于100万元，小于500万元: 0.90% | 0.09%；大于等于500万元: 每笔1000元,小于7天: 1.50%；大于等于7天，小于30天: 0.10%；大于等于30天: 0.00%,https://fundf10.eastmoney.com/jjgg_019524_3.html
019525,华泰柏瑞纳斯达克100ETF发起式联接(QDII)C,人民币,C,纳指,场外/联接/LOF,2026-05-21,29.95%,--,--,--,10元,天天基金F10基本概况实时交易状态,限大额,开放赎回,0.00%,0.50%（每年）,0.15%（每年）,0.25%（每年）,---: 0.00%,小于7天: 1.50%；大于等于7天: 0.00%,https://fundf10.eastmoney.com/jjgg_019525_3.html
022664,华泰柏瑞纳斯达克100ETF发起式联接(QDII)I,人民币,I,纳指,场外/联接/LOF,2026-05-21,30.10%,--,--,--,10元,天天基金F10基本概况实时交易状态,限大额,开放赎回,0.00%,0.50%（每年）,0.15%（每年）,0.10%（每年）,---: 0.00%,小于7天: 1.50%；大于等于7天: 0.00%,https://fundf10.eastmoney.com/jjgg_022664_3.html
015299,华夏纳斯达克100ETF发起式联接(QDII)A,人民币,A,纳指,场外/联接/LOF,2026-05-24,31.33%,89.73%,--,--,100元,天天基金F10基本概况实时交易状态,暂停申购,开放赎回,0.12%,0.60%（每年）,0.20%（每年）,0.00%（每年）,小于100万元: 1.20% | 0.12%；大于等于100万元，小于200万元: 0.90% | 0.09%；大于等于200万元，小于500万元: 0.60% | 0.06%；大于等于500万元: 每笔1000元,小于7天: 1.50%；大于等于7天: 0.00%,https://fundf10.eastmoney.com/jjgg_015299_3.html
015518,华夏纳斯达克100ETF发起式联接(QDII)A美元现汇,美元,未标明,纳指,场外/联接/LOF,2026-05-24,39.10%,97.63%,--,--,,,暂停申购,开放赎回,,0.60%（每年）,0.20%（每年）,0.00%（每年）,小于20万美元: 1.20%；大于等于20万美元，小于40万美元: 0.90%；大于等于40万美元，小于100万美元: 0.60%；大于等于100万美元: 每笔200美元,小于7天: 1.50%；大于等于7天: 0.00%,https://fundf10.eastmoney.com/jjgg_015518_3.html
015300,华夏纳斯达克100ETF发起式联接(QDII)C,人民币,C,纳指,场外/联接/LOF,2026-05-24,30.94%,88.02%,--,--,100元,天天基金F10基本概况实时交易状态,暂停申购,开放赎回,0.00%,0.60%（每年）,0.20%（每年）,0.30%（每年）,---: 0.00%,小于7天: 1.50%；大于等于7天: 0.00%,https://fundf10.eastmoney.com/jjgg_015300_3.html
018969,汇添富纳斯达克100ETF发起式联接(QDII)美元现钞,美元,未标明,纳指,场外/联接/LOF,2026-05-21,36.35%,--,--,--,0美元,天天基金F10基本概况实时交易状态,暂停申购,暂停赎回,,0.50%（每年）,0.15%（每年）,0.00%（每年）,小于10万美元: 0.12%；大于等于10万美元，小于20万美元: 0.08%；大于等于20万美元: 每笔200美元,小于7天: 1.50%；大于等于7天: 0.00%,https://fundf10.eastmoney.com/jjgg_018969_3.html
018968,汇添富纳斯达克100ETF发起式联接(QDII)美元现汇,美元,未标明,纳指,场外/联接/LOF,2026-05-21,36.35%,--,--,--,0美元,天天基金F10基本概况实时交易状态,暂停申购,开放赎回,0.12%,0.50%（每年）,0.15%（每年）,0.00%（每年）,小于10万美元: 1.20% | 0.12%；大于等于10万美元，小于20万美元: 0.80% | 0.08%；大于等于20万美元: 每笔200美元,小于7天: 1.50%；大于等于7天: 0.00%,https://fundf10.eastmoney.com/jjgg_018968_3.html
018966,汇添富纳斯达克100ETF发起式联接(QDII)人民币A,人民币,A,纳指,场外/联接/LOF,2026-05-21,29.52%,--,--,--,100元,天天基金F10基本概况实时交易状态,限大额,开放赎回,0.12%,0.50%（每年）,0.15%（每年）,0.00%（每年）,小于50万元: 1.20% | 0.12%；大于等于50万元，小于100万元: 0.80% | 0.08%；大于等于100万元: 每笔1000元,小于7天: 1.50%；大于等于7天: 0.00%,https://fundf10.eastmoney.com/jjgg_018966_3.html
018967,汇添富纳斯达克100ETF发起式联接(QDII)人民币C,人民币,C,纳指,场外/联接/LOF,2026-05-21,29.00%,--,--,--,100元,天天基金F10基本概况实时交易状态,限大额,开放赎回,0.00%,0.50%（每年）,0.15%（每年）,0.40%（每年）,---: 0.00%,小于7天: 1.50%；大于等于7天: 0.00%,https://fundf10.eastmoney.com/jjgg_018967_3.html
021773,汇添富纳斯达克100ETF发起式联接(QDII)人民币E,人民币,E,纳指,场外/联接/LOF,2026-05-21,29.38%,--,--,--,100元,天天基金F10基本概况实时交易状态,限大额,开放赎回,0.00%,0.50%（每年）,0.15%（每年）,0.10%（每年）,---: 0.00%,小于7天: 1.50%；大于等于7天: 0.00%,https://fundf10.eastmoney.com/jjgg_021773_3.html
017952,汇添富纳斯达克生物科技ETF发起式联接(QDII)美元现钞,美元,未标明,纳指,场外/联接/LOF,2026-05-21,39.52%,38.82%,--,--,0美元,天天基金F10基本概况实时交易状态,暂停申购,暂停赎回,,0.50%（每年）,0.15%（每年）,0.00%（每年）,小于10万美元: 0.12%；大于等于10万美元，小于20万美元: 0.08%；大于等于20万美元: 每笔200美元,小于7天: 1.50%；大于等于7天: 0.00%,https://fundf10.eastmoney.com/jjgg_017952_3.html
017951,汇添富纳斯达克生物科技ETF发起式联接(QDII)美元现汇,美元,未标明,纳指,场外/联接/LOF,2026-05-21,39.52%,35.99%,--,--,0美元,天天基金F10基本概况实时交易状态,暂停申购,开放赎回,0.12%,0.50%（每年）,0.15%（每年）,0.00%（每年）,小于10万美元: 1.20% | 0.12%；大于等于10万美元，小于20万美元: 0.80% | 0.08%；大于等于20万美元: 每笔200美元,小于7天: 1.50%；大于等于7天: 0.00%,https://fundf10.eastmoney.com/jjgg_017951_3.html
017894,汇添富纳斯达克生物科技ETF发起式联接(QDII)人民币A,人民币,A,纳指,场外/联接/LOF,2026-05-21,32.58%,31.62%,--,--,5000元,天天基金F10基本概况实时交易状态,限大额,开放赎回,0.12%,0.50%（每年）,0.15%（每年）,0.00%（每年）,小于50万元: 1.20% | 0.12%；大于等于50万元，小于100万元: 0.80% | 0.08%；大于等于100万元: 每笔1000元,小于7天: 1.50%；大于等于7天: 0.00%,https://fundf10.eastmoney.com/jjgg_017894_3.html
017895,汇添富纳斯达克生物科技ETF发起式联接(QDII)人民币C,人民币,C,纳指,场外/联接/LOF,2026-05-21,32.24%,30.72%,--,--,5000元,天天基金F10基本概况实时交易状态,限大额,开放赎回,0.00%,0.50%（每年）,0.15%（每年）,0.25%（每年）,---: 0.00%,小于7天: 1.50%；大于等于7天: 0.00%,https://fundf10.eastmoney.com/jjgg_017895_3.html
016534,嘉实纳斯达克100ETF发起联接(QDII)A美元现汇,美元,未标明,纳指,场外/联接/LOF,2026-05-21,36.40%,93.04%,--,--,0美元,天天基金F10基本概况实时交易状态,暂停申购,开放赎回,0.10%,0.50%（每年）,0.10%（每年）,0.00%（每年）,小于10万美元: 1.00% | 0.10%；大于等于10万美元，小于20万美元: 0.60% | 0.06%；大于等于20万美元: 每笔200美元,小于7天: 1.50%；大于等于7天，小于30天: 0.10%；大于等于30天: 0.00%,https://fundf10.eastmoney.com/jjgg_016534_3.html
016532,嘉实纳斯达克100ETF发起联接(QDII)A人民币,人民币,A,纳指,场外/联接/LOF,2026-05-21,29.68%,88.13%,--,--,100元,天天基金F10基本概况实时交易状态,暂停申购,开放赎回,0.10%,0.50%（每年）,0.10%（每年）,0.00%（每年）,小于50万元: 1.00% | 0.10%；大于等于50万元，小于100万元: 0.60% | 0.06%；大于等于100万元: 每笔1000元,小于7天: 1.50%；大于等于7天，小于30天: 0.10%；大于等于30天: 0.00%,https://fundf10.eastmoney.com/jjgg_016532_3.html
016535,嘉实纳斯达克100ETF发起联接(QDII)C美元现汇,美元,未标明,纳指,场外/联接/LOF,2026-05-21,36.05%,91.56%,--,--,0美元,天天基金F10基本概况实时交易状态,暂停申购,开放赎回,0.00%,0.50%（每年）,0.10%（每年）,0.25%（每年）,---: 0.00%,小于7天: 1.50%；大于等于7天: 0.00%,https://fundf10.eastmoney.com/jjgg_016535_3.html
016533,嘉实纳斯达克100ETF发起联接(QDII)C人民币,人民币,C,纳指,场外/联接/LOF,2026-05-21,29.36%,86.70%,--,--,100元,天天基金F10基本概况实时交易状态,暂停申购,开放赎回,0.00%,0.50%（每年）,0.10%（每年）,0.25%（每年）,---: 0.00%,小于7天: 1.50%；大于等于7天: 0.00%,https://fundf10.eastmoney.com/jjgg_016533_3.html
021838,嘉实纳斯达克100ETF发起联接(QDII)I人民币,人民币,I,纳指,场外/联接/LOF,2026-05-21,29.34%,--,--,--,,,暂停申购,开放赎回,,0.50%（每年）,0.10%（每年）,0.10%（每年）,---: 0.00%,小于7天: 1.50%；大于等于7天: 0.00%,https://fundf10.eastmoney.com/jjgg_021838_3.html
012751,建信纳斯达克100指数(QDII)A美元现汇,美元,未标明,纳指,场外/联接/LOF,2026-05-21,36.00%,105.26%,--,--,,,限大额,开放赎回,,0.80%（每年）,0.20%（每年）,0.00%（每年）,小于20万美元: 1.20%；大于等于20万美元，小于40万美元: 0.80%；大于等于40万美元，小于100万美元: 0.40%；大于等于100万美元: 每笔150美元,小于7天: 1.50%；大于等于7天，小于30天: 0.50%；大于等于30天，小于90天: 0.30%；大于等于90天: 0.00%,https://fundf10.eastmoney.com/jjgg_012751_3.html
539001,建信纳斯达克100指数(QDII)A人民币,人民币,A,纳指,场外/联接/LOF,2026-05-21,29.31%,100.06%,109.64%,247.30%,100元,天天基金F10基本概况实时交易状态,限大额,开放赎回,0.12%,0.80%（每年）,0.20%（每年）,0.00%（每年）,小于100万元: 1.20% | 0.12%；大于等于100万元，小于200万元: 0.80% | 0.08%；大于等于200万元，小于500万元: 0.40% | 0.04%；大于等于500万元: 每笔1000元,小于7天: 1.50%；大于等于7天，小于30天: 0.50%；大于等于30天，小于90天: 0.30%；大于等于90天: 0.00%,https://fundf10.eastmoney.com/jjgg_539001_3.html
012753,建信纳斯达克100指数(QDII)C美元现汇,美元,未标明,纳指,场外/联接/LOF,2026-05-21,35.60%,103.39%,--,--,,,限大额,开放赎回,,0.80%（每年）,0.20%（每年）,0.30%（每年）,---: 0.00%,小于7天: 1.50%；大于等于7天: 0.00%,https://fundf10.eastmoney.com/jjgg_012753_3.html
012752,建信纳斯达克100指数(QDII)C人民币,人民币,C,纳指,场外/联接/LOF,2026-05-21,28.92%,98.24%,--,--,100元,天天基金F10基本概况实时交易状态,限大额,开放赎回,0.00%,0.80%（每年）,0.20%（每年）,0.30%（每年）,---: 0.00%,小于7天: 1.50%；大于等于7天: 0.00%,https://fundf10.eastmoney.com/jjgg_012752_3.html
023422,建信纳斯达克100指数(QDII)D人民币,人民币,D,纳指,场外/联接/LOF,2026-05-21,28.92%,--,--,--,100元,天天基金F10基本概况实时交易状态,限大额,开放赎回,0.00%,0.80%（每年）,0.20%（每年）,0.30%（每年）,---: 0.00%,小于7天: 1.50%；大于等于7天，小于30天: 1.00%；大于等于30天: 0.00%,https://fundf10.eastmoney.com/jjgg_023422_3.html
017092,景顺长城纳斯达克科技ETF联接(QDII)A美元现汇,美元,未标明,纳指,场外/联接/LOF,2026-05-21,53.40%,139.93%,--,--,,,暂停申购,开放赎回,,0.80%（每年）,0.20%（每年）,0.00%（每年）,小于20万美元: 1.20%；大于等于20万美元，小于40万美元: 0.80%；大于等于40万美元，小于100万美元: 0.40%；大于等于100万美元: 每笔150美元,小于7天: 1.50%；大于等于7天，小于30天: 0.75%；大于等于30天，小于180天: 0.50%；大于等于180天: 0.00%,https://fundf10.eastmoney.com/jjgg_017092_3.html
017091,景顺长城纳斯达克科技ETF联接(QDII)A人民币,人民币,A,纳指,场外/联接/LOF,2026-05-21,45.67%,132.41%,--,--,100元,天天基金F10基本概况实时交易状态,暂停申购,开放赎回,0.12%,0.80%（每年）,0.20%（每年）,0.00%（每年）,小于100万元: 1.20% | 0.12%；大于等于100万元，小于200万元: 0.80% | 0.08%；大于等于200万元，小于500万元: 0.40% | 0.04%；大于等于500万元: 每笔1000元,小于7天: 1.50%；大于等于7天，小于30天: 0.75%；大于等于30天，小于180天: 0.50%；大于等于180天: 0.00%,https://fundf10.eastmoney.com/jjgg_017091_3.html
017093,景顺长城纳斯达克科技ETF联接(QDII)C人民币,人民币,C,纳指,场外/联接/LOF,2026-05-21,45.09%,129.65%,--,--,100元,天天基金F10基本概况实时交易状态,暂停申购,开放赎回,0.00%,0.80%（每年）,0.20%（每年）,0.40%（每年）,---: 0.00%,小于7天: 1.50%；大于等于7天，小于30天: 0.75%；大于等于30天，小于180天: 0.50%；大于等于180天: 0.00%,https://fundf10.eastmoney.com/jjgg_017093_3.html
019118,景顺长城纳斯达克科技ETF联接(QDII)E人民币,人民币,E,纳指,场外/联接/LOF,2026-05-21,45.38%,--,--,--,100元,天天基金F10基本概况实时交易状态,暂停申购,开放赎回,0.00%,0.80%（每年）,0.20%（每年）,0.20%（每年）,---: 0.00%,小于7天: 1.50%；大于等于7天: 0.00%,https://fundf10.eastmoney.com/jjgg_019118_3.html
019174,摩根纳斯达克100指数(QDII)美元现汇A,美元,A,纳指,场外/联接/LOF,2026-05-21,38.46%,--,--,--,,,限大额,开放赎回,,0.50%（每年）,0.10%（每年）,0.00%（每年）,小于10万美元: 1.20%；大于等于10万美元，小于20万美元: 0.80%；大于等于20万美元，小于100万美元: 0.30%；大于等于100万美元: 每笔200美元,小于7天: 1.50%；大于等于7天: 0.00%,https://fundf10.eastmoney.com/jjgg_019174_3.html
019175,摩根纳斯达克100指数(QDII)美元现汇C,美元,C,纳指,场外/联接/LOF,2026-05-21,38.05%,--,--,--,,,限大额,开放赎回,,0.50%（每年）,0.10%（每年）,0.30%（每年）,---: 0.00%,小于7天: 1.50%；大于等于7天: 0.00%,https://fundf10.eastmoney.com/jjgg_019175_3.html
019172,摩根纳斯达克100指数(QDII)人民币A,人民币,A,纳指,场外/联接/LOF,2026-05-21,31.53%,--,--,--,100元,天天基金F10基本概况实时交易状态,限大额,开放赎回,0.12%,0.50%（每年）,0.10%（每年）,0.00%（每年）,小于50万元: 1.20% | 0.12%；大于等于50万元，小于100万元: 0.80% | 0.08%；大于等于100万元，小于500万元: 0.30% | 0.03%；大于等于500万元: 每笔1000元,小于7天: 1.50%；大于等于7天: 0.00%,https://fundf10.eastmoney.com/jjgg_019172_3.html
019173,摩根纳斯达克100指数(QDII)人民币C,人民币,C,纳指,场外/联接/LOF,2026-05-21,31.14%,--,--,--,100元,天天基金F10基本概况实时交易状态,限大额,开放赎回,0.00%,0.50%（每年）,0.10%（每年）,0.30%（每年）,---: 0.00%,小于7天: 1.50%；大于等于7天: 0.00%,https://fundf10.eastmoney.com/jjgg_019173_3.html
159513,纳斯达克100ETF大成,人民币,未标明,纳指,场内ETF,2026-05-21,32.84%,--,--,--,场内交易,天天基金F10购买信息,场内交易,场内交易,,0.80%（每年）,0.20%（每年）,未披露/不适用,场内交易: 按券商交易佣金,场内交易: 按券商交易佣金,https://fundf10.eastmoney.com/jjgg_159513_3.html
159659,纳斯达克100ETF招商,人民币,未标明,纳指,场内ETF,2026-05-21,33.53%,98.29%,--,--,场内交易,天天基金F10购买信息,场内交易,场内交易,,0.50%（每年）,0.15%（每年）,未披露/不适用,场内交易: 按券商交易佣金,场内交易: 按券商交易佣金,https://fundf10.eastmoney.com/jjgg_159659_3.html
159632,纳斯达克ETF华安,人民币,未标明,纳指,场内ETF,2026-05-21,33.41%,100.62%,--,--,场内交易,天天基金F10购买信息,场内交易,场内交易,,0.60%（每年）,0.20%（每年）,未披露/不适用,场内交易: 按券商交易佣金,场内交易: 按券商交易佣金,https://fundf10.eastmoney.com/jjgg_159632_3.html
513300,纳斯达克ETF华夏,人民币,未标明,纳指,场内ETF,2026-05-21,32.62%,101.05%,124.40%,--,场内交易,天天基金F10购买信息,场内交易,场内交易,,0.60%（每年）,0.20%（每年）,未披露/不适用,场内交易: 按券商交易佣金,场内交易: 按券商交易佣金,https://fundf10.eastmoney.com/jjgg_513300_3.html
513390,纳指100ETF博时,人民币,未标明,纳指,场内ETF,2026-05-21,33.54%,104.75%,--,--,场内交易,天天基金F10购买信息,暂停申购,场内交易,,0.50%（每年）,0.15%（每年）,未披露/不适用,场内交易: 按券商交易佣金,场内交易: 按券商交易佣金,https://fundf10.eastmoney.com/jjgg_513390_3.html
159509,纳指科技ETF景顺,人民币,未标明,纳指,场内ETF,2026-05-21,52.65%,--,--,--,场内交易,天天基金F10购买信息,场内交易,场内交易,,0.80%（每年）,0.20%（每年）,未披露/不适用,场内交易: 按券商交易佣金,场内交易: 按券商交易佣金,https://fundf10.eastmoney.com/jjgg_159509_3.html
513290,纳指生物科技ETF汇添富,人民币,未标明,纳指,场内ETF,2026-05-21,35.82%,38.54%,--,--,场内交易,天天基金F10购买信息,场内交易,场内交易,,0.50%（每年）,0.15%（每年）,未披露/不适用,场内交易: 按券商交易佣金,场内交易: 按券商交易佣金,https://fundf10.eastmoney.com/jjgg_513290_3.html
513870,纳指ETF富国,人民币,未标明,纳指,场内ETF,2026-05-21,33.78%,--,--,--,场内交易,天天基金F10购买信息,暂停申购,场内交易,,0.50%（每年）,0.10%（每年）,未披露/不适用,场内交易: 按券商交易佣金,场内交易: 按券商交易佣金,https://fundf10.eastmoney.com/jjgg_513870_3.html
159941,纳指ETF广发,人民币,未标明,纳指,场内ETF,2026-05-21,32.97%,100.57%,121.85%,531.61%,场内交易,天天基金F10购买信息,场内交易,场内交易,,0.80%（每年）,0.20%（每年）,未披露/不适用,场内交易: 按券商交易佣金,场内交易: 按券商交易佣金,https://fundf10.eastmoney.com/jjgg_159941_3.html
513100,纳指ETF国泰,人民币,未标明,纳指,场内ETF,2026-05-21,32.32%,104.12%,127.26%,562.91%,场内交易,天天基金F10购买信息,暂停申购,场内交易,,0.60%（每年）,0.20%（每年）,未披露/不适用,场内交易: 按券商交易佣金,场内交易: 按券商交易佣金,https://fundf10.eastmoney.com/jjgg_513100_3.html
513110,纳指ETF华泰柏瑞,人民币,未标明,纳指,场内ETF,2026-05-21,32.90%,101.62%,--,--,场内交易,天天基金F10购买信息,场内交易,场内交易,,0.80%（每年）,0.20%（每年）,未披露/不适用,场内交易: 按券商交易佣金,场内交易: 按券商交易佣金,https://fundf10.eastmoney.com/jjgg_513110_3.html
159660,纳指ETF汇添富,人民币,未标明,纳指,场内ETF,2026-05-21,33.60%,101.14%,--,--,场内交易,天天基金F10购买信息,场内交易,场内交易,,0.50%（每年）,0.15%（每年）,未披露/不适用,场内交易: 按券商交易佣金,场内交易: 按券商交易佣金,https://fundf10.eastmoney.com/jjgg_159660_3.html
159501,纳指ETF嘉实,人民币,未标明,纳指,场内ETF,2026-05-21,32.52%,--,--,--,场内交易,天天基金F10购买信息,场内交易,场内交易,,0.50%（每年）,0.10%（每年）,未披露/不适用,场内交易: 按券商交易佣金,场内交易: 按券商交易佣金,https://fundf10.eastmoney.com/jjgg_159501_3.html
159696,纳指ETF易方达,人民币,未标明,纳指,场内ETF,2026-05-24,33.88%,--,--,--,场内交易,天天基金F10购买信息,场内交易,场内交易,,0.50%（每年）,0.10%（每年）,未披露/不适用,场内交易: 按券商交易佣金,场内交易: 按券商交易佣金,https://fundf10.eastmoney.com/jjgg_159696_3.html
016452,南方纳斯达克100指数发起(QDII)A,人民币,A,纳指,场外/联接/LOF,2026-05-21,31.08%,87.90%,--,--,200元,天天基金F10基本概况实时交易状态,限大额,开放赎回,0.12%,0.50%（每年）,0.15%（每年）,0.00%（每年）,小于100万元: 1.20% | 0.12%；大于等于100万元，小于200万元: 0.80% | 0.08%；大于等于200万元，小于500万元: 0.40% | 0.04%；大于等于500万元: 每笔1000元,小于7天: 1.50%；大于等于7天: 0.00%,https://fundf10.eastmoney.com/jjgg_016452_3.html
016453,南方纳斯达克100指数发起(QDII)C,人民币,C,纳指,场外/联接/LOF,2026-05-21,30.95%,86.94%,--,--,200元,天天基金F10基本概况实时交易状态,限大额,开放赎回,0.00%,0.50%（每年）,0.15%（每年）,0.10%（每年）,---: 0.00%,小于7天: 1.50%；大于等于7天: 0.00%,https://fundf10.eastmoney.com/jjgg_016453_3.html
021000,南方纳斯达克100指数发起(QDII)I,人民币,I,纳指,场外/联接/LOF,2026-05-21,31.02%,--,--,--,,,限大额,开放赎回,,0.50%（每年）,0.15%（每年）,0.01%（每年）,---: 0.00%,小于7天: 1.50%；大于等于7天: 0.00%,https://fundf10.eastmoney.com/jjgg_021000_3.html
018043,天弘纳斯达克100指数发起(QDII)A,人民币,A,纳指,场外/联接/LOF,2026-05-21,31.45%,86.53%,--,--,100元,天天基金F10基本概况实时交易状态,限大额,开放赎回,0.10%,0.50%（每年）,0.10%（每年）,0.00%（每年）,小于500万元: 1.00% | 0.10%；大于等于500万元: 每笔1000元,小于7天: 1.50%；大于等于7天，小于180天: 0.50%；大于等于180天，小于365天: 0.25%；大于等于365天: 0.00%,https://fundf10.eastmoney.com/jjgg_018043_3.html
018044,天弘纳斯达克100指数发起(QDII)C,人民币,C,纳指,场外/联接/LOF,2026-05-21,31.20%,85.04%,--,--,100元,天天基金F10基本概况实时交易状态,限大额,开放赎回,0.00%,0.50%（每年）,0.10%（每年）,0.20%（每年）,---: 0.00%,小于7天: 1.50%；大于等于7天: 0.00%,https://fundf10.eastmoney.com/jjgg_018044_3.html
022525,天弘纳斯达克100指数发起(QDII)D,人民币,D,纳指,场外/联接/LOF,2026-05-21,31.20%,--,--,--,,,限大额,开放赎回,,0.50%（每年）,0.10%（每年）,0.20%（每年）,---: 0.00%,小于7天: 1.50%；大于等于7天，小于30天: 1.00%；大于等于30天: 0.00%,https://fundf10.eastmoney.com/jjgg_022525_3.html
019441,万家纳斯达克100指数发起式(QDII)A,人民币,A,纳指,场外/联接/LOF,2026-05-21,29.34%,--,--,--,50元,天天基金F10基本概况实时交易状态,限大额,开放赎回,0.10%,0.50%（每年）,0.15%（每年）,0.00%（每年）,小于100万元: 1.00% | 0.10%；大于等于100万元，小于300万元: 0.60% | 0.06%；大于等于300万元，小于500万元: 0.40% | 0.04%；大于等于500万元: 每笔1000元,小于7天: 1.50%；大于等于7天，小于30天: 0.10%；大于等于30天: 0.00%,https://fundf10.eastmoney.com/jjgg_019441_3.html
019442,万家纳斯达克100指数发起式(QDII)C,人民币,C,纳指,场外/联接/LOF,2026-05-21,29.08%,--,--,--,50元,天天基金F10基本概况实时交易状态,限大额,开放赎回,0.00%,0.50%（每年）,0.15%（每年）,0.20%（每年）,---: 0.00%,小于7天: 1.50%；大于等于7天: 0.00%,https://fundf10.eastmoney.com/jjgg_019442_3.html
003722,易方达纳斯达克100ETF联接(QDII-LOF)A(美元现汇),美元,未标明,纳指,场外/联接/LOF,2026-05-24,37.76%,101.42%,103.49%,--,0美元,天天基金F10基本概况实时交易状态,暂停申购,开放赎回,0.12%,0.50%（每年）,0.10%（每年）,0.00%（每年）,小于20万美元: 1.20% | 0.12%；大于等于20万美元，小于100万美元: 0.80% | 0.08%；大于等于100万美元，小于200万美元: 0.50% | 0.05%；大于等于200万美元: 每笔200美元,小于等于6天: 1.50%；大于等于7天，小于等于364天: 0.50%；大于等于365天，小于等于729天: 0.25%；大于等于730天: 0.00%,https://fundf10.eastmoney.com/jjgg_003722_3.html
161130,易方达纳斯达克100ETF联接(QDII-LOF)A(人民币),人民币,未标明,纳指,场外/联接/LOF,2026-05-24,30.84%,95.07%,116.23%,--,10元,天天基金F10基本概况实时交易状态,暂停申购,开放赎回,0.12%,0.50%（每年）,0.10%（每年）,0.00%（每年）,小于100万元: 1.20% | 0.12%；大于等于100万元，小于200万元: 0.80% | 0.08%；大于等于200万元，小于500万元: 0.50% | 0.05%；大于等于500万元: 每笔1000元,小于等于6天: 1.50%；大于等于7天，小于等于364天: 0.50%；大于等于365天，小于等于729天: 0.25%；大于等于730天: 0.00%,https://fundf10.eastmoney.com/jjgg_161130_3.html
012871,易方达纳斯达克100ETF联接(QDII-LOF)C(美元现汇),美元,未标明,纳指,场外/联接/LOF,2026-05-24,37.32%,99.50%,--,--,0美元,天天基金F10基本概况实时交易状态,暂停申购,开放赎回,0.00%,0.50%（每年）,0.10%（每年）,0.30%（每年）,---: 0.00%,小于等于6天: 1.50%；大于等于7天: 0.00%,https://fundf10.eastmoney.com/jjgg_012871_3.html
012870,易方达纳斯达克100ETF联接(QDII-LOF)C(人民币),人民币,未标明,纳指,场外/联接/LOF,2026-05-24,30.44%,93.26%,--,--,10元,天天基金F10基本概况实时交易状态,暂停申购,开放赎回,0.00%,0.50%（每年）,0.10%（每年）,0.30%（每年）,---: 0.00%,小于等于6天: 1.50%；大于等于7天: 0.00%,https://fundf10.eastmoney.com/jjgg_012870_3.html
019547,招商纳斯达克100ETF发起式联接(QDII)A,人民币,A,纳指,场外/联接/LOF,2026-05-21,30.83%,--,--,--,100元,天天基金F10基本概况实时交易状态,限大额,开放赎回,0.12%,0.50%（每年）,0.15%（每年）,0.00%（每年）,小于100万元: 1.20% | 0.12%；大于等于100万元，小于300万元: 1.00% | 0.10%；大于等于300万元，小于500万元: 0.50% | 0.05%；大于等于500万元: 每笔1000元,小于7天: 1.50%；大于等于7天: 0.00%,https://fundf10.eastmoney.com/jjgg_019547_3.html
019548,招商纳斯达克100ETF发起式联接(QDII)C,人民币,C,纳指,场外/联接/LOF,2026-05-21,30.31%,--,--,--,100元,天天基金F10基本概况实时交易状态,限大额,开放赎回,0.00%,0.50%（每年）,0.15%（每年）,0.40%（每年）,---: 0.00%,小于7天: 1.50%；大于等于7天: 0.00%,https://fundf10.eastmoney.com/jjgg_019548_3.html
513500,标普500ETF博时,人民币,未标明,标普,场内ETF,2026-05-21,22.51%,75.10%,90.09%,290.05%,场内交易,天天基金F10购买信息,暂停申购,场内交易,,0.60%（每年）,0.20%（每年）,未披露/不适用,场内交易: 按券商交易佣金,场内交易: 按券商交易佣金,https://fundf10.eastmoney.com/jjgg_513500_3.html
159612,标普500ETF国泰,人民币,未标明,标普,场内ETF,2026-05-21,21.76%,72.25%,--,--,场内交易,天天基金F10购买信息,暂停申购,场内交易,,0.60%（每年）,0.15%（每年）,未披露/不适用,场内交易: 按券商交易佣金,场内交易: 按券商交易佣金,https://fundf10.eastmoney.com/jjgg_159612_3.html
159655,标普500ETF华夏,人民币,未标明,标普,场内ETF,2026-05-21,21.92%,73.68%,--,--,场内交易,天天基金F10购买信息,场内交易,场内交易,,0.60%（每年）,0.15%（每年）,未披露/不适用,场内交易: 按券商交易佣金,场内交易: 按券商交易佣金,https://fundf10.eastmoney.com/jjgg_159655_3.html
513650,标普500ETF南方,人民币,未标明,标普,场内ETF,2026-05-21,22.51%,73.57%,--,--,场内交易,天天基金F10购买信息,场内交易,场内交易,,0.60%（每年）,0.15%（每年）,未披露/不适用,场内交易: 按券商交易佣金,场内交易: 按券商交易佣金,https://fundf10.eastmoney.com/jjgg_513650_3.html
159502,标普生物科技ETF嘉实,人民币,未标明,标普,场内ETF,2026-05-21,56.95%,--,--,--,场内交易,天天基金F10购买信息,场内交易,场内交易,,0.50%（每年）,0.10%（每年）,未披露/不适用,场内交易: 按券商交易佣金,场内交易: 按券商交易佣金,https://fundf10.eastmoney.com/jjgg_159502_3.html
159529,标普消费ETF景顺,人民币,未标明,标普,场内ETF,2026-05-21,5.90%,--,--,--,场内交易,天天基金F10购买信息,场内交易,场内交易,,0.50%（每年）,0.20%（每年）,未披露/不适用,场内交易: 按券商交易佣金,场内交易: 按券商交易佣金,https://fundf10.eastmoney.com/jjgg_159529_3.html
013425,博时标普500ETF联接美元汇(QDII)A,美元,A,标普,场外/联接/LOF,2026-05-24,28.05%,73.87%,--,--,,,暂停申购,开放赎回,,0.60%（每年）,0.20%（每年）,0.00%（每年）,小于10万美元: 1.20%；大于等于10万美元，小于20万美元: 0.80%；大于等于20万美元，小于100万美元: 0.30%；大于等于100万美元: 每笔200美元,小于7天: 1.50%；大于等于7天，小于730天: 0.50%；大于等于730天，小于1095天: 0.25%；大于等于1095天: 0.00%,https://fundf10.eastmoney.com/jjgg_013425_3.html
013499,博时标普500ETF联接美元汇(QDII)C,美元,C,标普,场外/联接/LOF,2026-05-24,27.60%,72.04%,--,--,,,暂停申购,开放赎回,,0.60%（每年）,0.20%（每年）,0.35%（每年）,---: 0.00%,小于7天: 1.50%；大于等于7天: 0.00%,https://fundf10.eastmoney.com/jjgg_013499_3.html
050025,博时标普500ETF联接A,人民币,A,标普,场外/联接/LOF,2026-05-21,21.65%,68.42%,80.96%,247.83%,100元,天天基金F10基本概况实时交易状态,暂停申购,开放赎回,0.12%,0.60%（每年）,0.20%（每年）,0.00%（每年）,小于50万元: 1.20% | 0.12%；大于等于50万元，小于100万元: 0.80% | 0.08%；大于等于100万元，小于500万元: 0.30% | 0.03%；大于等于500万元: 每笔1000元,小于7天: 1.50%；大于等于7天，小于730天: 0.50%；大于等于730天，小于1095天: 0.25%；大于等于1095天: 0.00%,https://fundf10.eastmoney.com/jjgg_050025_3.html
006075,博时标普500ETF联接C,人民币,C,标普,场外/联接/LOF,2026-05-24,21.22%,66.66%,77.68%,--,100元,天天基金F10基本概况实时交易状态,暂停申购,开放赎回,0.00%,0.60%（每年）,0.20%（每年）,0.35%（每年）,---: 0.00%,小于7天: 1.50%；大于等于7天: 0.00%,https://fundf10.eastmoney.com/jjgg_006075_3.html
018738,博时标普500ETF联接E(人民币),人民币,未标明,标普,场外/联接/LOF,2026-05-21,21.63%,--,--,--,,,限大额,开放赎回,,0.60%（每年）,0.20%（每年）,0.01%（每年）,---: 0.00%,小于7天: 1.50%；大于等于7天: 0.00%,https://fundf10.eastmoney.com/jjgg_018738_3.html
013404,大成标普500等权重指数(QDII)A美元,美元,A,标普,场外/联接/LOF,2026-05-24,17.94%,44.90%,--,--,,,限大额,开放赎回,,1.00%（每年）,0.20%（每年）,0.00%（每年）,小于20万美元: 1.50%；大于等于20万美元，小于100万美元: 1.00%；大于等于100万美元: 每笔200美元,小于7天: 1.50%；大于等于7天，小于1年: 0.50%；大于等于1年，小于2年: 0.25%；大于等于2年: 0.00%,https://fundf10.eastmoney.com/jjgg_013404_3.html
096001,大成标普500等权重指数(QDII)A人民币,人民币,A,标普,场外/联接/LOF,2026-05-21,12.04%,40.54%,45.61%,126.97%,50元,天天基金F10基本概况实时交易状态,限大额,开放赎回,0.15%,1.00%（每年）,0.20%（每年）,0.00%（每年）,小于100万元: 1.50% | 0.15%；大于等于100万元，小于500万元: 1.00% | 0.10%；大于等于500万元: 每笔1000元,小于7天: 1.50%；大于等于7天，小于1年: 0.50%；大于等于1年，小于2年: 0.25%；大于等于2年: 0.00%,https://fundf10.eastmoney.com/jjgg_096001_3.html
015545,大成标普500等权重指数(QDII)C美元,美元,C,标普,场外/联接/LOF,2026-05-24,17.59%,--,--,--,,,限大额,开放赎回,,1.00%（每年）,0.20%（每年）,0.30%（每年）,---: 0.00%,小于7天: 1.50%；大于等于7天: 0.00%,https://fundf10.eastmoney.com/jjgg_015545_3.html
008401,大成标普500等权重指数(QDII)C人民币,人民币,C,标普,场外/联接/LOF,2026-05-21,11.71%,--,--,--,50元,天天基金F10基本概况实时交易状态,限大额,开放赎回,0.00%,1.00%（每年）,0.20%（每年）,0.30%（每年）,---: 0.00%,小于7天: 1.50%；大于等于7天: 0.00%,https://fundf10.eastmoney.com/jjgg_008401_3.html
017028,国泰标普500ETF发起联接(QDII)A人民币,人民币,A,标普,场外/联接/LOF,2026-05-21,18.63%,61.55%,--,--,1.00万元,天天基金F10购买信息,暂停申购,开放赎回,0.10%,0.60%（每年）,0.15%（每年）,0.00%（每年）,小于50万元: 1.00% | 0.10%；大于等于50万元，小于100万元: 0.60% | 0.06%；大于等于100万元: 每笔100元,小于7天: 1.50%；大于等于7天: 0.00%,https://fundf10.eastmoney.com/jjgg_017028_3.html
017030,国泰标普500ETF发起联接(QDII)C人民币,人民币,C,标普,场外/联接/LOF,2026-05-21,18.27%,60.10%,--,--,1.00万元,天天基金F10购买信息,暂停申购,开放赎回,0.00%,0.60%（每年）,0.15%（每年）,0.30%（每年）,---: 0.00%,小于7天: 1.50%；大于等于7天: 0.00%,https://fundf10.eastmoney.com/jjgg_017030_3.html
002423,华宝标普美国消费美元,美元,未标明,标普,场外/联接/LOF,2026-05-24,12.18%,54.57%,35.52%,179.94%,,,限大额,开放赎回,,1.00%（每年）,0.20%（每年）,0.00%（每年）,小于10万美元: 1.20%；大于等于10万美元，小于30万美元: 0.80%；大于等于30万美元，小于60万美元: 0.40%；大于等于60万美元: 每笔200美元,小于7天: 1.50%；大于等于7天，小于365天: 0.50%；大于等于365天，小于730天: 0.25%；大于等于730天: 0.00%,https://fundf10.eastmoney.com/jjgg_002423_3.html
162415,华宝标普美国消费人民币A,人民币,A,标普,场外/联接/LOF,2026-05-24,6.55%,49.72%,44.01%,190.43%,3000元,天天基金F10基本概况实时交易状态,限大额,开放赎回,0.12%,1.00%（每年）,0.20%（每年）,0.00%（每年）,小于100万元: 1.20% | 0.12%；大于等于100万元，小于200万元: 0.80% | 0.08%；大于等于200万元，小于500万元: 0.40% | 0.04%；大于等于500万元: 每笔1000元,小于7天: 1.50%；大于等于7天，小于365天: 0.50%；大于等于365天，小于730天: 0.25%；大于等于730天: 0.00%,https://fundf10.eastmoney.com/jjgg_162415_3.html
009975,华宝标普美国消费人民币C,人民币,C,标普,场外/联接/LOF,2026-05-24,6.14%,47.91%,40.87%,--,3000元,天天基金F10基本概况实时交易状态,限大额,开放赎回,0.00%,1.00%（每年）,0.20%（每年）,0.40%（每年）,---: 0.00%,小于7天: 1.50%；大于等于7天: 0.00%,https://fundf10.eastmoney.com/jjgg_009975_3.html
018066,华夏标普500ETF发起式联接(QDII)A(美元),美元,未标明,标普,场外/联接/LOF,2026-05-21,28.10%,71.01%,--,--,,,暂停申购,开放赎回,,0.60%（每年）,0.15%（每年）,0.00%（每年）,小于20万美元: 1.20%；大于等于20万美元，小于40万美元: 0.90%；大于等于40万美元，小于100万美元: 0.60%；大于等于100万美元: 每笔200美元,小于7天: 1.50%；大于等于7天: 0.00%,https://fundf10.eastmoney.com/jjgg_018066_3.html
018064,华夏标普500ETF发起式联接(QDII)A(人民币),人民币,未标明,标普,场外/联接/LOF,2026-05-21,20.87%,64.14%,--,--,100元,天天基金F10基本概况实时交易状态,暂停申购,开放赎回,0.12%,0.60%（每年）,0.15%（每年）,0.00%（每年）,小于100万元: 1.20% | 0.12%；大于等于100万元，小于200万元: 0.90% | 0.09%；大于等于200万元，小于500万元: 0.60% | 0.06%；大于等于500万元: 每笔1000元,小于7天: 1.50%；大于等于7天: 0.00%,https://fundf10.eastmoney.com/jjgg_018064_3.html
018065,华夏标普500ETF发起式联接(QDII)C,人民币,C,标普,场外/联接/LOF,2026-05-21,20.51%,62.67%,--,--,100元,天天基金F10基本概况实时交易状态,暂停申购,开放赎回,0.00%,0.60%（每年）,0.15%（每年）,0.30%（每年）,---: 0.00%,小于7天: 1.50%；大于等于7天: 0.00%,https://fundf10.eastmoney.com/jjgg_018065_3.html
017642,摩根标普500指数(QDII)美钞,美元,未标明,标普,场外/联接/LOF,2026-05-21,26.97%,68.25%,--,--,,,限大额,开放赎回,,0.50%（每年）,0.15%（每年）,0.00%（每年）,小于10万美元: 1.20%；大于等于10万美元，小于20万美元: 0.80%；大于等于20万美元，小于100万美元: 0.30%；大于等于100万美元: 每笔200美元,小于7天: 1.50%；大于等于7天，小于365天: 0.50%；大于等于365天，小于730天: 0.25%；大于等于730天: 0.00%,https://fundf10.eastmoney.com/jjgg_017642_3.html
017643,摩根标普500指数(QDII)美汇,人民币,未标明,标普,场外/联接/LOF,2026-05-21,26.97%,68.25%,--,--,,,限大额,开放赎回,,0.50%（每年）,0.15%（每年）,0.00%（每年）,小于10万美元: 1.20%；大于等于10万美元，小于20万美元: 0.80%；大于等于20万美元，小于100万美元: 0.30%；大于等于100万美元: 每笔200美元,小于7天: 1.50%；大于等于7天，小于365天: 0.50%；大于等于365天，小于730天: 0.25%；大于等于730天: 0.00%,https://fundf10.eastmoney.com/jjgg_017643_3.html
017641,摩根标普500指数(QDII)人民币A,人民币,A,标普,场外/联接/LOF,2026-05-21,21.41%,64.46%,--,--,100元,天天基金F10基本概况实时交易状态,限大额,开放赎回,0.12%,0.50%（每年）,0.15%（每年）,0.00%（每年）,小于50万元: 1.20% | 0.12%；大于等于50万元，小于100万元: 0.80% | 0.08%；大于等于100万元，小于500万元: 0.30% | 0.03%；大于等于500万元: 每笔1000元,小于7天: 1.50%；大于等于7天，小于365天: 0.50%；大于等于365天，小于730天: 0.25%；大于等于730天: 0.00%,https://fundf10.eastmoney.com/jjgg_017641_3.html
019305,摩根标普500指数(QDII)人民币C,人民币,C,标普,场外/联接/LOF,2026-05-21,21.05%,--,--,--,100元,天天基金F10基本概况实时交易状态,限大额,开放赎回,0.00%,0.50%（每年）,0.15%（每年）,0.30%（每年）,---: 0.00%,小于7天: 1.50%；大于等于7天: 0.00%,https://fundf10.eastmoney.com/jjgg_019305_3.html
007721,天弘标普500发起(QDII-FOF)A,人民币,A,标普,场外/联接/LOF,2026-05-25,20.63%,62.12%,76.86%,--,100元,天天基金F10基本概况实时交易状态,限大额,开放赎回,0.10%,0.60%（每年）,0.20%（每年）,0.00%（每年）,小于500万元: 1.00% | 0.10%；大于等于500万元: 每笔1000元,小于7天: 1.50%；大于等于7天，小于180天: 0.50%；大于等于180天，小于365天: 0.25%；大于等于365天: 0.00%,https://fundf10.eastmoney.com/jjgg_007721_3.html
007722,天弘标普500发起(QDII-FOF)C,人民币,C,标普,场外/联接/LOF,2026-05-25,20.32%,60.84%,74.49%,--,100元,天天基金F10基本概况实时交易状态,限大额,开放赎回,0.00%,0.60%（每年）,0.20%（每年）,0.25%（每年）,---: 0.00%,小于7天: 1.50%；大于等于7天: 0.00%,https://fundf10.eastmoney.com/jjgg_007722_3.html
022523,天弘标普500发起(QDII-FOF)D,人民币,D,标普,场外/联接/LOF,2026-05-21,20.32%,--,--,--,,,限大额,开放赎回,,0.60%（每年）,0.20%（每年）,0.25%（每年）,---: 0.00%,小于7天: 1.50%；大于等于7天，小于30天: 1.00%；大于等于30天: 0.00%,https://fundf10.eastmoney.com/jjgg_022523_3.html
003718,易方达标普500指数美元汇A,美元,A,标普,场外/联接/LOF,2026-05-24,27.73%,74.44%,73.84%,--,0美元,天天基金F10基本概况实时交易状态,暂停申购,开放赎回,0.12%,0.80%（每年）,0.20%（每年）,0.00%（每年）,小于20万美元: 1.20% | 0.12%；大于等于20万美元，小于100万美元: 0.80% | 0.08%；大于等于100万美元，小于200万美元: 0.50% | 0.05%；大于等于200万美元: 每笔200美元,小于等于6天: 1.50%；大于等于7天，小于等于364天: 0.50%；大于等于365天，小于等于729天: 0.25%；大于等于730天: 0.00%,https://fundf10.eastmoney.com/jjgg_003718_3.html
012861,易方达标普500指数美元汇C,美元,C,标普,场外/联接/LOF,2026-05-24,27.27%,72.75%,--,--,0美元,天天基金F10基本概况实时交易状态,暂停申购,开放赎回,0.00%,0.80%（每年）,0.20%（每年）,0.35%（每年）,---: 0.00%,小于等于6天: 1.50%；大于等于7天: 0.00%,https://fundf10.eastmoney.com/jjgg_012861_3.html
161125,易方达标普500指数人民币A,人民币,A,标普,场外/联接/LOF,2026-05-24,21.36%,69.01%,84.74%,--,10元,天天基金F10基本概况实时交易状态,暂停申购,开放赎回,0.12%,0.80%（每年）,0.20%（每年）,0.00%（每年）,小于100万元: 1.20% | 0.12%；大于等于100万元，小于200万元: 0.80% | 0.08%；大于等于200万元，小于500万元: 0.50% | 0.05%；大于等于500万元: 每笔1000元,小于等于6天: 1.50%；大于等于7天，小于等于364天: 0.50%；大于等于365天，小于等于729天: 0.25%；大于等于730天: 0.00%,https://fundf10.eastmoney.com/jjgg_161125_3.html
012860,易方达标普500指数人民币C,人民币,C,标普,场外/联接/LOF,2026-05-24,20.91%,67.32%,--,--,10元,天天基金F10基本概况实时交易状态,暂停申购,开放赎回,0.00%,0.80%（每年）,0.20%（每年）,0.35%（每年）,---: 0.00%,小于等于6天: 1.50%；大于等于7天: 0.00%,https://fundf10.eastmoney.com/jjgg_012860_3.html
003720,易方达标普生物科技美元汇A,美元,A,标普,场外/联接/LOF,2026-05-24,60.42%,50.23%,1.05%,--,0美元,天天基金F10基本概况实时交易状态,暂停申购,开放赎回,0.12%,0.80%（每年）,0.20%（每年）,0.00%（每年）,小于20万美元: 1.20% | 0.12%；大于等于20万美元，小于100万美元: 0.80% | 0.08%；大于等于100万美元，小于200万美元: 0.50% | 0.05%；大于等于200万美元: 每笔200美元,小于等于6天: 1.50%；大于等于7天，小于等于364天: 0.50%；大于等于365天，小于等于729天: 0.25%；大于等于730天: 0.00%,https://fundf10.eastmoney.com/jjgg_003720_3.html
012867,易方达标普生物科技美元汇C,美元,C,标普,场外/联接/LOF,2026-05-24,59.70%,48.66%,--,--,0美元,天天基金F10基本概况实时交易状态,暂停申购,开放赎回,0.00%,0.80%（每年）,0.20%（每年）,0.35%（每年）,---: 0.00%,小于等于6天: 1.50%；大于等于7天: 0.00%,https://fundf10.eastmoney.com/jjgg_012867_3.html
161127,易方达标普生物科技人民币A,人民币,A,标普,场外/联接/LOF,2026-05-24,52.37%,45.49%,7.40%,--,10元,天天基金F10基本概况实时交易状态,暂停申购,开放赎回,0.12%,0.80%（每年）,0.20%（每年）,0.00%（每年）,小于100万元: 1.20% | 0.12%；大于等于100万元，小于200万元: 0.80% | 0.08%；大于等于200万元，小于500万元: 0.50% | 0.05%；大于等于500万元: 每笔1000元,小于等于6天: 1.50%；大于等于7天，小于等于364天: 0.50%；大于等于365天，小于等于729天: 0.25%；大于等于730天: 0.00%,https://fundf10.eastmoney.com/jjgg_161127_3.html
012866,易方达标普生物科技人民币C,人民币,C,标普,场外/联接/LOF,2026-05-24,51.75%,44.06%,--,--,10元,天天基金F10基本概况实时交易状态,暂停申购,开放赎回,0.00%,0.80%（每年）,0.20%（每年）,0.35%（每年）,---: 0.00%,小于等于6天: 1.50%；大于等于7天: 0.00%,https://fundf10.eastmoney.com/jjgg_012866_3.html
000593,易方达标普消费品指数美元现汇A,美元,A,标普,场外/联接/LOF,2026-05-24,4.25%,4.78%,-1.48%,120.52%,0美元,天天基金F10基本概况实时交易状态,暂停申购,开放赎回,0.12%,1.20%（每年）,0.20%（每年）,0.00%（每年）,小于20万美元: 1.20% | 0.12%；大于等于20万美元，小于100万美元: 0.80% | 0.08%；大于等于100万美元，小于200万美元: 0.02% | 0.002%；大于等于200万美元: 每笔200美元,小于等于6天: 1.50%；大于等于7天，小于等于364天: 0.50%；大于等于365天，小于等于729天: 0.30%；大于等于730天: 0.00%,https://fundf10.eastmoney.com/jjgg_000593_3.html
118002,易方达标普消费品指数A,人民币,A,标普,场外/联接/LOF,2026-05-24,-0.97%,1.48%,4.68%,129.29%,无限额,天天基金F10购买信息,开放申购,开放赎回,0.12%,1.20%（每年）,0.20%（每年）,0.00%（每年）,小于100万元: 1.20% | 0.12%；大于等于100万元，小于500万元: 0.80% | 0.08%；大于等于500万元，小于1000万元: 0.02% | 0.002%；大于等于1000万元: 每笔1000元,小于等于6天: 1.50%；大于等于7天，小于等于364天: 0.50%；大于等于365天，小于等于729天: 0.30%；大于等于730天: 0.00%,https://fundf10.eastmoney.com/jjgg_118002_3.html
005676,易方达标普消费品指数C,人民币,C,标普,场外/联接/LOF,2026-05-24,-1.23%,0.70%,3.36%,--,无限额,天天基金F10购买信息,开放申购,开放赎回,0.00%,1.20%（每年）,0.20%（每年）,0.25%（每年）,---: 0.00%,小于等于6天: 1.50%；大于等于7天: 0.00%,https://fundf10.eastmoney.com/jjgg_005676_3.html
003721,易方达标普信息科技指数(QDII-LOF)A(美元现汇),美元,未标明,标普,场外/联接/LOF,2026-05-24,48.28%,120.92%,151.94%,--,0美元,天天基金F10基本概况实时交易状态,暂停申购,开放赎回,0.12%,0.80%（每年）,0.20%（每年）,0.00%（每年）,小于20万美元: 1.20% | 0.12%；大于等于20万美元，小于100万美元: 0.80% | 0.08%；大于等于100万美元，小于200万美元: 0.50% | 0.05%；大于等于200万美元: 每笔200美元,小于等于6天: 1.50%；大于等于7天，小于等于364天: 0.50%；大于等于365天，小于等于729天: 0.25%；大于等于730天: 0.00%,https://fundf10.eastmoney.com/jjgg_003721_3.html
161128,易方达标普信息科技指数(QDII-LOF)A(人民币),人民币,未标明,标普,场外/联接/LOF,2026-05-24,40.86%,114.00%,167.76%,--,10元,天天基金F10基本概况实时交易状态,暂停申购,开放赎回,0.12%,0.80%（每年）,0.20%（每年）,0.00%（每年）,小于100万元: 1.20% | 0.12%；大于等于100万元，小于200万元: 0.80% | 0.08%；大于等于200万元，小于500万元: 0.50% | 0.05%；大于等于500万元: 每笔1000元,小于等于6天: 1.50%；大于等于7天，小于等于364天: 0.50%；大于等于365天，小于等于729天: 0.25%；大于等于730天: 0.00%,https://fundf10.eastmoney.com/jjgg_161128_3.html
012869,易方达标普信息科技指数(QDII-LOF)C(美元现汇),美元,未标明,标普,场外/联接/LOF,2026-05-24,47.76%,118.73%,--,--,0美元,天天基金F10基本概况实时交易状态,暂停申购,开放赎回,0.00%,0.80%（每年）,0.20%（每年）,0.35%（每年）,---: 0.00%,小于等于6天: 1.50%；大于等于7天: 0.00%,https://fundf10.eastmoney.com/jjgg_012869_3.html
012868,易方达标普信息科技指数(QDII-LOF)C(人民币),人民币,未标明,标普,场外/联接/LOF,2026-05-24,40.37%,111.87%,--,--,10元,天天基金F10基本概况实时交易状态,暂停申购,开放赎回,0.00%,0.80%（每年）,0.20%（每年）,0.35%（每年）,---: 0.00%,小于等于6天: 1.50%；大于等于7天: 0.00%,https://fundf10.eastmoney.com/jjgg_012868_3.html
003719,易方达标普医疗保健美元汇A,美元,A,标普,场外/联接/LOF,2026-05-24,8.79%,7.22%,5.15%,--,0美元,天天基金F10基本概况实时交易状态,暂停申购,开放赎回,0.12%,0.80%（每年）,0.20%（每年）,0.00%（每年）,小于20万美元: 1.20% | 0.12%；大于等于20万美元，小于100万美元: 0.80% | 0.08%；大于等于100万美元，小于200万美元: 0.50% | 0.05%；大于等于200万美元: 每笔200美元,小于等于6天: 1.50%；大于等于7天，小于等于364天: 0.50%；大于等于365天，小于等于729天: 0.25%；大于等于730天: 0.00%,https://fundf10.eastmoney.com/jjgg_003719_3.html
012865,易方达标普医疗保健美元汇C,美元,C,标普,场外/联接/LOF,2026-05-24,8.34%,6.02%,--,--,0美元,天天基金F10基本概况实时交易状态,暂停申购,开放赎回,0.00%,0.80%（每年）,0.20%（每年）,0.35%（每年）,---: 0.00%,小于等于6天: 1.50%；大于等于7天: 0.00%,https://fundf10.eastmoney.com/jjgg_012865_3.html
161126,易方达标普医疗保健人民币A,人民币,A,标普,场外/联接/LOF,2026-05-24,3.33%,3.83%,11.71%,--,10元,天天基金F10基本概况实时交易状态,暂停申购,开放赎回,0.12%,0.80%（每年）,0.20%（每年）,0.00%（每年）,小于100万元: 1.20% | 0.12%；大于等于100万元，小于200万元: 0.80% | 0.08%；大于等于200万元，小于500万元: 0.50% | 0.05%；大于等于500万元: 每笔1000元,小于等于6天: 1.50%；大于等于7天，小于等于364天: 0.50%；大于等于365天，小于等于729天: 0.25%；大于等于730天: 0.00%,https://fundf10.eastmoney.com/jjgg_161126_3.html
012864,易方达标普医疗保健人民币C,人民币,C,标普,场外/联接/LOF,2026-05-24,2.92%,2.72%,--,--,10元,天天基金F10基本概况实时交易状态,暂停申购,开放赎回,0.00%,0.80%（每年）,0.20%（每年）,0.35%（每年）,---: 0.00%,小于等于6天: 1.50%；大于等于7天: 0.00%,https://fundf10.eastmoney.com/jjgg_012864_3.html
011706,长信标普100等权重指数美元,美元,未标明,标普,场外/联接/LOF,2026-05-24,22.74%,57.51%,--,--,0美元,天天基金F10基本概况实时交易状态,暂停申购,暂停赎回,,1.10%（每年）,0.20%（每年）,---,小于100万美元: 0.01%；大于等于100万美元: 每笔200美元,小于7天: 1.50%；大于等于7天，小于1年: 0.50%；大于等于1年: 0.00%,https://fundf10.eastmoney.com/jjgg_011706_3.html
519981,长信标普100等权重指数人民币,人民币,未标明,标普,场外/联接/LOF,2026-05-24,16.72%,52.43%,55.85%,110.96%,100.00万元,天天基金F10购买信息,限大额,开放赎回,0.14%,1.10%（每年）,0.20%（每年）,---,小于100万元: 1.40% | 0.14%；大于等于100万元，小于500万元: 0.80% | 0.08%；大于等于500万元: 每笔1000元,小于7天: 1.50%；大于等于7天，小于1年: 0.50%；大于等于1年，小于3年: 0.35%；大于等于3年，小于5年: 0.20%；大于等于5年: 0.00%,https://fundf10.eastmoney.com/jjgg_519981_3.html
000044,嘉实美国成长股票美元现汇,美元,未标明,美国,场外/联接/LOF,2026-05-21,39.85%,109.31%,110.24%,379.53%,0美元,天天基金F10基本概况实时交易状态,暂停申购,开放赎回,0.15%,1.20%（每年）,0.20%（每年）,---,小于50万元: 1.50% | 0.15%；大于等于50万元，小于200万元: 1.20% | 0.12%；大于等于200万元，小于500万元: 0.80% | 0.08%；大于等于500万元: 每笔1000元,小于7天: 1.50%；大于等于7天，小于365天: 0.50%；大于等于365天，小于730天: 0.30%；大于等于730天: 0.00%,https://fundf10.eastmoney.com/jjgg_000044_3.html
000043,嘉实美国成长股票人民币,人民币,未标明,美国,场外/联接/LOF,2026-05-22,32.98%,103.95%,123.39%,403.25%,100元,天天基金F10基本概况实时交易状态,限大额,开放赎回,0.15%,1.20%（每年）,0.20%（每年）,---,小于50万元: 1.50% | 0.15%；大于等于50万元，小于200万元: 1.20% | 0.12%；大于等于200万元，小于500万元: 0.80% | 0.08%；大于等于500万元: 每笔1000元,小于7天: 1.50%；大于等于7天，小于365天: 0.50%；大于等于365天，小于730天: 0.30%；大于等于730天: 0.00%,https://fundf10.eastmoney.com/jjgg_000043_3.html
159577,美国50ETF汇添富,人民币,未标明,美国,场内ETF,2026-05-21,29.88%,--,--,--,场内交易,天天基金F10购买信息,场内交易,场内交易,,0.50%（每年）,0.15%（每年）,未披露/不适用,场内交易: 按券商交易佣金,场内交易: 按券商交易佣金,https://fundf10.eastmoney.com/jjgg_159577_3.html
513850,美国50ETF易方达,人民币,未标明,美国,场内ETF,2026-05-24,29.80%,--,--,--,场内交易,天天基金F10购买信息,场内交易,场内交易,,0.50%（每年）,0.10%（每年）,未披露/不适用,场内交易: 按券商交易佣金,场内交易: 按券商交易佣金,https://fundf10.eastmoney.com/jjgg_513850_3.html
160140,南方道琼斯美国精选A,人民币,A,美国,场外/联接/LOF,2026-05-21,13.65%,34.20%,27.75%,--,无限额,天天基金F10购买信息,开放申购,开放赎回,0.12%,0.80%（每年）,0.20%（每年）,0.00%（每年）,小于100万元: 1.20% | 0.12%；大于等于100万元，小于300万元: 0.80% | 0.08%；大于等于300万元，小于500万元: 0.50% | 0.05%；大于等于500万元: 每笔1000元,小于7天: 1.50%；大于等于7天，小于365天: 0.50%；大于等于365天，小于730天: 0.25%；大于等于730天: 0.00%,https://fundf10.eastmoney.com/jjgg_160140_3.html
160141,南方道琼斯美国精选C,人民币,C,美国,场外/联接/LOF,2026-05-21,13.18%,32.86%,25.52%,--,无限额,天天基金F10购买信息,开放申购,开放赎回,0.00%,0.80%（每年）,0.20%（每年）,0.40%（每年）,---: 0.00%,小于7天: 1.50%；大于等于7天，小于30天: 0.50%；大于等于30天: 0.00%,https://fundf10.eastmoney.com/jjgg_160141_3.html
017653,创金合信全球芯片产业股票发起(QDII)A,人民币,A,全球,场外/联接/LOF,2026-05-25,73.42%,124.65%,--,--,无限额,天天基金F10购买信息,开放申购,开放赎回,0.15%,1.20%（每年）,0.20%（每年）,0.00%（每年）,小于100万元: 1.50% | 0.15%；大于等于100万元，小于200万元: 0.80% | 0.08%；大于等于200万元，小于500万元: 0.30% | 0.03%；大于等于500万元: 每笔1000元,小于7天: 1.50%；大于等于7天，小于30天: 0.75%；大于等于30天，小于180天: 0.50%；大于等于180天，小于365天: 0.25%；大于等于365天: 0.00%,https://fundf10.eastmoney.com/jjgg_017653_3.html
017654,创金合信全球芯片产业股票发起(QDII)C,人民币,C,全球,场外/联接/LOF,2026-05-25,72.45%,121.56%,--,--,无限额,天天基金F10购买信息,开放申购,开放赎回,0.00%,1.20%（每年）,0.20%（每年）,0.50%（每年）,---: 0.00%,小于7天: 1.50%；大于等于7天，小于30天: 0.50%；大于等于30天: 0.00%,https://fundf10.eastmoney.com/jjgg_017654_3.html
018155,创金合信全球医药生物股票发起(QDII)A,人民币,A,全球,场外/联接/LOF,2026-05-25,54.81%,--,--,--,无限额,天天基金F10购买信息,开放申购,开放赎回,0.15%,1.20%（每年）,0.20%（每年）,0.00%（每年）,小于100万元: 1.50% | 0.15%；大于等于100万元，小于200万元: 0.80% | 0.08%；大于等于200万元，小于500万元: 0.30% | 0.03%；大于等于500万元: 每笔1000元,小于7天: 1.50%；大于等于7天，小于30天: 0.75%；大于等于30天，小于180天: 0.50%；大于等于180天，小于365天: 0.25%；大于等于365天: 0.00%,https://fundf10.eastmoney.com/jjgg_018155_3.html
018156,创金合信全球医药生物股票发起(QDII)C,人民币,C,全球,场外/联接/LOF,2026-05-25,54.16%,--,--,--,无限额,天天基金F10购买信息,开放申购,开放赎回,0.00%,1.20%（每年）,0.20%（每年）,0.50%（每年）,---: 0.00%,小于7天: 1.50%；大于等于7天，小于30天: 0.50%；大于等于30天: 0.00%,https://fundf10.eastmoney.com/jjgg_018156_3.html
010645,富国全球健康生活主题混合(QDII)美元,美元,未标明,全球,场外/联接/LOF,2026-05-21,26.83%,53.23%,-14.29%,--,,,开放申购,开放赎回,,1.20%（每年）,0.20%（每年）,未披露/不适用,小于20万美元: 1.50%；大于等于20万美元，小于100万美元: 1.20%；大于等于100万美元: 每笔200美元,小于7天: 1.50%；大于等于7天，小于30天: 0.75%；大于等于30天，小于365天: 0.50%；大于等于365天，小于730天: 0.30%；大于等于730天: 0.00%,https://fundf10.eastmoney.com/jjgg_010645_3.html
010644,富国全球健康生活主题混合(QDII)人民币A,人民币,A,全球,场外/联接/LOF,2026-05-25,19.20%,54.27%,-11.19%,--,无限额,天天基金F10购买信息,开放申购,开放赎回,0.15%,1.20%（每年）,0.20%（每年）,---,小于100万元: 1.50% | 0.15%；大于等于100万元，小于500万元: 1.20% | 0.12%；大于等于500万元: 每笔1000元,小于7天: 1.50%；大于等于7天，小于30天: 0.75%；大于等于30天，小于365天: 0.50%；大于等于365天，小于730天: 0.30%；大于等于730天: 0.00%,https://fundf10.eastmoney.com/jjgg_010644_3.html
023907,富国全球健康生活主题混合(QDII)人民币C,人民币,C,全球,场外/联接/LOF,2026-05-25,19.81%,--,--,--,无限额,天天基金F10购买信息,开放申购,开放赎回,0.00%,1.20%（每年）,0.20%（每年）,0.40%（每年）,---: 0.00%,小于7天: 1.50%；大于等于7天，小于30天: 0.50%；大于等于30天: 0.00%,https://fundf10.eastmoney.com/jjgg_023907_3.html
100055,富国全球科技互联网股票(QDII)A,人民币,A,全球,场外/联接/LOF,2026-05-25,94.86%,178.34%,115.02%,394.12%,500.00万元,天天基金F10购买信息,限大额,开放赎回,0.15%,1.20%（每年）,0.20%（每年）,0.00%（每年）,小于100万元: 1.50% | 0.15%；大于等于100万元，小于500万元: 1.20% | 0.12%；大于等于500万元: 每笔1000元,小于7天: 1.50%；大于等于7天，小于30天: 0.75%；大于等于30天，小于365天: 0.50%；大于等于365天，小于730天: 0.30%；大于等于730天: 0.00%,https://fundf10.eastmoney.com/jjgg_100055_3.html
000157,富国全球科技互联网股票(QDII)A(后端),人民币,未标明,全球,场外/联接/LOF,,--,--,--,--,500.00万元,天天基金F10购买信息,限大额,开放赎回,,1.20%（每年）,0.20%（每年）,0.00%（每年）,小于100万元: 1.50% | 0.15%；大于等于100万元，小于500万元: 1.20% | 0.12%；大于等于500万元: 每笔1000元,小于7天: 1.50%；大于等于7天，小于30天: 0.75%；大于等于30天，小于365天: 0.50%；大于等于365天，小于730天: 0.30%；大于等于730天: 0.00%,https://fundf10.eastmoney.com/jjgg_000157_3.html
022184,富国全球科技互联网股票(QDII)C,人民币,C,全球,场外/联接/LOF,2026-05-25,93.95%,--,--,--,500.00万元,天天基金F10购买信息,限大额,开放赎回,0.00%,1.20%（每年）,0.20%（每年）,0.40%（每年）,---: 0.00%,小于7天: 1.50%；大于等于7天，小于30天: 0.50%；大于等于30天: 0.00%,https://fundf10.eastmoney.com/jjgg_022184_3.html
026228,富国全球科技互联网股票(QDII)D,人民币,D,全球,场外/联接/LOF,2026-05-21,--,--,--,--,,,限大额,开放赎回,,1.20%（每年）,0.20%（每年）,0.00%（每年）,小于100万元: 1.50%；大于等于100万元，小于500万元: 1.20%；大于等于500万元: 每笔1000元,小于7天: 1.50%；大于等于7天，小于30天: 0.75%；大于等于30天，小于180天: 0.50%；大于等于180天: 0.00%,https://fundf10.eastmoney.com/jjgg_026228_3.html
012061,富国全球消费精选混合(QDII)美元,美元,未标明,全球,场外/联接/LOF,2026-05-21,15.59%,104.53%,--,--,,,开放申购,开放赎回,,1.20%（每年）,0.20%（每年）,0.00%（每年）,小于20万美元: 1.50%；大于等于20万美元，小于100万美元: 1.20%；大于等于100万美元: 每笔200美元,小于7天: 1.50%；大于等于7天，小于30天: 0.75%；大于等于30天，小于365天: 0.50%；大于等于365天，小于730天: 0.30%；大于等于730天: 0.00%,https://fundf10.eastmoney.com/jjgg_012061_3.html
012060,富国全球消费精选混合(QDII)人民币A,人民币,A,全球,场外/联接/LOF,2026-05-25,10.94%,107.68%,--,--,无限额,天天基金F10购买信息,开放申购,开放赎回,0.15%,1.20%（每年）,0.20%（每年）,0.00%（每年）,小于100万元: 1.50% | 0.15%；大于等于100万元，小于500万元: 1.20% | 0.12%；大于等于500万元: 每笔1000元,小于7天: 1.50%；大于等于7天，小于30天: 0.75%；大于等于30天，小于365天: 0.50%；大于等于365天，小于730天: 0.30%；大于等于730天: 0.00%,https://fundf10.eastmoney.com/jjgg_012060_3.html
012062,富国全球消费精选混合(QDII)人民币C,人民币,C,全球,场外/联接/LOF,2026-05-25,10.28%,103.85%,--,--,无限额,天天基金F10购买信息,开放申购,开放赎回,0.00%,1.20%（每年）,0.20%（每年）,0.60%（每年）,---: 0.00%,小于7天: 1.50%；大于等于7天，小于30天: 0.50%；大于等于30天: 0.00%,https://fundf10.eastmoney.com/jjgg_012062_3.html
022170,富国全球消费精选混合(QDII)人民币E,人民币,E,全球,场外/联接/LOF,2026-05-21,10.49%,--,--,--,,,开放申购,开放赎回,,1.20%（每年）,0.20%（每年）,0.40%（每年）,---: 0.00%,小于7天: 1.50%；大于等于7天，小于30天: 0.50%；大于等于30天: 0.00%,https://fundf10.eastmoney.com/jjgg_022170_3.html
009562,工银全球股票(QDII)美元,美元,未标明,全球,场外/联接/LOF,2026-05-24,12.39%,54.73%,15.10%,--,,,暂停申购,开放赎回,,1.20%（每年）,0.20%（每年）,未披露/不适用,小于15万美元: 1.60%；大于等于15万美元，小于45万美元: 1.00%；大于等于45万美元，小于75万美元: 0.80%；大于等于75万美元: 每笔150美元,小于7天: 1.50%；大于等于7天，小于365天: 0.50%；大于等于365天，小于730天: 0.30%；大于等于730天: 0.00%,https://fundf10.eastmoney.com/jjgg_009562_3.html
486001,工银全球股票(QDII)人民币,人民币,未标明,全球,场外/联接/LOF,2026-05-21,6.86%,50.31%,22.38%,114.15%,无限额,天天基金F10购买信息,暂停申购,开放赎回,0.16%,1.20%（每年）,0.20%（每年）,---,小于100万元: 1.60% | 0.16%；大于等于100万元，小于300万元: 1.00% | 0.10%；大于等于300万元，小于500万元: 0.80% | 0.08%；大于等于500万元: 每笔1000元,小于7天: 1.50%；大于等于7天，小于365天: 0.50%；大于等于365天，小于730天: 0.30%；大于等于730天: 0.00%,https://fundf10.eastmoney.com/jjgg_486001_3.html
486002,工银全球精选股票(QDII),人民币,未标明,全球,场外/联接/LOF,2026-05-25,13.89%,63.42%,52.50%,202.95%,100元,天天基金F10基本概况实时交易状态,限大额,开放赎回,0.16%,1.20%（每年）,0.20%（每年）,---,小于100万元: 1.60% | 0.16%；大于等于100万元，小于300万元: 1.00% | 0.10%；大于等于300万元，小于500万元: 0.80% | 0.08%；大于等于500万元: 每笔1000元,小于7天: 1.50%；大于等于7天，小于365天: 0.50%；大于等于365天，小于730天: 0.30%；大于等于730天: 0.00%,https://fundf10.eastmoney.com/jjgg_486002_3.html
000906,广发全球精选股票(QDII)美元A,美元,A,全球,场外/联接/LOF,2026-05-21,77.35%,179.71%,87.94%,348.39%,个人280美元 / 机构7万美元,广发基金官网直销限额接口,限大额,开放赎回,,1.20%（每年）,0.20%（每年）,0.00%（每年）,小于20万美元: 1.60%；大于等于20万美元，小于100万美元: 1.00%；大于等于100万美元，小于200万美元: 0.50%；大于等于200万美元: 每笔200美元,小于7天: 1.50%；大于等于7天，小于1年: 0.50%；大于等于1年，小于2年: 0.30%；大于等于2年: 0.00%,https://fundf10.eastmoney.com/jjgg_000906_3.html
270023,广发全球精选股票(QDII)人民币A,人民币,A,全球,场外/联接/LOF,2026-05-25,68.47%,170.93%,99.74%,360.67%,"个人2,000元 / 机构50万元",广发基金官网直销限额接口,限大额,开放赎回,0.16%,1.20%（每年）,0.20%（每年）,0.00%（每年）,小于100万元: 1.60% | 0.16%；大于等于100万元，小于500万元: 1.00% | 0.10%；大于等于500万元，小于1000万元: 0.50% | 0.05%；大于等于1000万元: 每笔1000元,小于7天: 1.50%；大于等于7天，小于1年: 0.50%；大于等于1年，小于2年: 0.30%；大于等于2年: 0.00%,https://fundf10.eastmoney.com/jjgg_270023_3.html
021277,广发全球精选股票(QDII)人民币C,人民币,C,全球,场外/联接/LOF,2026-05-25,67.36%,--,--,--,"个人2,000元 / 机构50万元",广发基金官网直销限额接口,限大额,开放赎回,0.00%,1.20%（每年）,0.20%（每年）,0.60%（每年）,---: 0.00%,小于7天: 1.50%；大于等于7天，小于30天: 0.50%；大于等于30天: 0.00%,https://fundf10.eastmoney.com/jjgg_021277_3.html
023402,广发全球精选股票(QDII)人民币F,人民币,F,全球,场外/联接/LOF,2026-05-21,67.61%,--,--,--,"1,000万元",广发基金官网直销限额接口,限大额,开放赎回,,1.20%（每年）,0.20%（每年）,0.50%（每年）,---: 0.00%,小于7天: 1.50%；大于等于7天，小于30天: 0.50%；大于等于30天: 0.00%,https://fundf10.eastmoney.com/jjgg_023402_3.html
011421,广发全球科技三个月定开混合(QDII)美元A,美元,A,全球,场外/联接/LOF,2026-05-21,27.61%,78.82%,31.56%,--,,,开放申购,开放赎回,,1.20%（每年）,0.20%（每年）,0.00%（每年）,小于10万美元: 1.50%；大于等于10万美元，小于40万美元: 1.20%；大于等于40万美元，小于100万美元: 0.80%；大于等于100万美元: 每笔200美元,小于7天: 1.50%；大于等于7天，小于30天: 0.75%；大于等于30天，小于180天: 0.50%；大于等于180天: 0.00%,https://fundf10.eastmoney.com/jjgg_011421_3.html
011423,广发全球科技三个月定开混合(QDII)美元C,美元,C,全球,场外/联接/LOF,2026-05-21,27.13%,76.65%,28.88%,--,,,开放申购,开放赎回,,1.20%（每年）,0.20%（每年）,0.40%（每年）,---: 0.00%,小于7天: 1.50%；大于等于7天，小于30天: 0.50%；大于等于30天: 0.00%,https://fundf10.eastmoney.com/jjgg_011423_3.html
011420,广发全球科技三个月定开混合(QDII)人民币A,人民币,A,全球,场外/联接/LOF,2026-05-24,21.25%,73.30%,39.80%,--,无限额,天天基金F10购买信息,暂停申购,暂停赎回,0.15%,1.20%（每年）,0.20%（每年）,0.00%（每年）,小于50万元: 1.50% | 0.15%；大于等于50万元，小于200万元: 1.20% | 0.12%；大于等于200万元，小于500万元: 0.80% | 0.08%；大于等于500万元: 每笔1000元,小于7天: 1.50%；大于等于7天，小于30天: 0.75%；大于等于30天，小于180天: 0.50%；大于等于180天: 0.00%,https://fundf10.eastmoney.com/jjgg_011420_3.html
011422,广发全球科技三个月定开混合(QDII)人民币C,人民币,C,全球,场外/联接/LOF,2026-05-24,20.76%,71.19%,36.99%,--,无限额,天天基金F10购买信息,暂停申购,暂停赎回,0.00%,1.20%（每年）,0.20%（每年）,0.40%（每年）,---: 0.00%,小于7天: 1.50%；大于等于7天，小于30天: 0.50%；大于等于30天: 0.00%,https://fundf10.eastmoney.com/jjgg_011422_3.html
000370,广发全球医疗保健美元现汇(QDII)A,美元,A,全球,场外/联接/LOF,2026-05-21,14.13%,16.44%,23.13%,92.52%,200美元,广发基金官网直销限额接口,限大额,开放赎回,,0.80%（每年）,0.20%（每年）,0.00%（每年）,小于10万美元: 1.30%；大于等于10万美元，小于20万美元: 0.70%；大于等于20万美元，小于100万美元: 0.30%；大于等于100万美元: 每笔200美元,小于7天: 1.50%；大于等于7天，小于1年: 0.50%；大于等于1年，小于2年: 0.30%；大于等于2年: 0.00%,https://fundf10.eastmoney.com/jjgg_000370_3.html
016281,广发全球医疗保健美元现汇(QDII)C,美元,C,全球,场外/联接/LOF,2026-05-21,13.71%,15.07%,--,--,200美元,广发基金官网直销限额接口,限大额,开放赎回,,0.80%（每年）,0.20%（每年）,0.40%（每年）,---: 0.00%,小于7天: 1.50%；大于等于7天: 0.00%,https://fundf10.eastmoney.com/jjgg_016281_3.html
000369,广发全球医疗保健指数人民币(QDII)A,人民币,A,全球,场外/联接/LOF,2026-05-21,8.40%,12.78%,30.86%,100.64%,100元,广发基金官网直销限额接口,限大额,开放赎回,0.13%,0.80%（每年）,0.20%（每年）,0.00%（每年）,小于50万元: 1.30% | 0.13%；大于等于50万元，小于100万元: 0.70% | 0.07%；大于等于100万元，小于500万元: 0.30% | 0.03%；大于等于500万元: 每笔1000元,小于7天: 1.50%；大于等于7天，小于1年: 0.50%；大于等于1年，小于2年: 0.30%；大于等于2年: 0.00%,https://fundf10.eastmoney.com/jjgg_000369_3.html
016280,广发全球医疗保健指数人民币(QDII)C,人民币,C,全球,场外/联接/LOF,2026-05-21,8.00%,11.46%,--,--,100元,广发基金官网直销限额接口,限大额,开放赎回,0.00%,0.80%（每年）,0.20%（每年）,0.40%（每年）,---: 0.00%,小于7天: 1.50%；大于等于7天: 0.00%,https://fundf10.eastmoney.com/jjgg_016280_3.html
006374,国富全球科技互联混合(QDII)美元现汇A,美元,A,全球,场外/联接/LOF,2026-05-21,118.59%,246.04%,202.68%,--,,,限大额,开放赎回,,1.20%（每年）,0.20%（每年）,0.00%（每年）,小于20万美元: 1.50%；大于等于20万美元，小于50万美元: 0.80%；大于等于50万美元，小于100万美元: 0.40%；大于等于100万美元: 每笔200美元,小于7天: 1.50%；大于等于7天，小于30天: 0.75%；大于等于30天，小于180天: 0.50%；大于等于180天: 0.00%,https://fundf10.eastmoney.com/jjgg_006374_3.html
021843,国富全球科技互联混合(QDII)美元现汇C,美元,C,全球,场外/联接/LOF,2026-05-21,117.58%,--,--,--,,,限大额,开放赎回,,1.20%（每年）,0.20%（每年）,0.40%（每年）,---: 0.00%,小于7天: 1.50%；大于等于7天，小于30天: 0.50%；大于等于30天: 0.00%,https://fundf10.eastmoney.com/jjgg_021843_3.html
006373,国富全球科技互联混合(QDII)人民币A,人民币,A,全球,场外/联接/LOF,2026-05-22,107.83%,237.75%,222.71%,--,100元,天天基金F10基本概况实时交易状态,限大额,开放赎回,0.15%,1.20%（每年）,0.20%（每年）,0.00%（每年）,小于100万元: 1.50% | 0.15%；大于等于100万元，小于300万元: 0.80% | 0.08%；大于等于300万元，小于500万元: 0.40% | 0.04%；大于等于500万元: 每笔1000元,小于7天: 1.50%；大于等于7天，小于30天: 0.75%；大于等于30天，小于180天: 0.50%；大于等于180天: 0.00%,https://fundf10.eastmoney.com/jjgg_006373_3.html
021842,国富全球科技互联混合(QDII)人民币C,人民币,C,全球,场外/联接/LOF,2026-05-22,106.94%,--,--,--,100元,天天基金F10基本概况实时交易状态,限大额,开放赎回,0.00%,1.20%（每年）,0.20%（每年）,0.40%（每年）,---: 0.00%,小于7天: 1.50%；大于等于7天，小于30天: 0.50%；大于等于30天: 0.00%,https://fundf10.eastmoney.com/jjgg_021842_3.html
501312,华宝海外科技股票(QDII-LOF)A,人民币,A,全球,场外/联接/LOF,2026-05-25,45.93%,115.15%,--,--,5000元,天天基金F10基本概况实时交易状态,限大额,开放赎回,0.12%,1.00%（每年）,0.20%（每年）,0.00%（每年）,小于100万元: 1.20% | 0.12%；大于等于100万元，小于200万元: 0.60% | 0.06%；大于等于200万元: 每笔1000元,小于7天: 1.50%；大于等于7天，小于30天: 0.50%；大于等于30天，小于180天: 0.25%；大于等于180天: 0.00%,https://fundf10.eastmoney.com/jjgg_501312_3.html
017204,华宝海外科技股票(QDII-LOF)C,人民币,C,全球,场外/联接/LOF,2026-05-25,45.50%,113.40%,--,--,5000元,天天基金F10基本概况实时交易状态,限大额,开放赎回,0.00%,1.00%（每年）,0.20%（每年）,0.30%（每年）,---: 0.00%,小于7天: 1.50%；大于等于7天: 0.00%,https://fundf10.eastmoney.com/jjgg_017204_3.html
017144,华宝海外新能源汽车股票发起式(QDII)A,人民币,A,全球,场外/联接/LOF,2026-05-25,13.75%,67.40%,--,--,1.00万元,天天基金F10购买信息,限大额,开放赎回,0.15%,1.20%（每年）,0.20%（每年）,0.00%（每年）,小于100万元: 1.50% | 0.15%；大于等于100万元，小于200万元: 1.00% | 0.10%；大于等于200万元: 每笔1000元,小于7天: 1.50%；大于等于7天，小于30天: 0.75%；大于等于30天，小于180天: 0.50%；大于等于180天: 0.00%,https://fundf10.eastmoney.com/jjgg_017144_3.html
017145,华宝海外新能源汽车股票发起式(QDII)C,人民币,C,全球,场外/联接/LOF,2026-05-25,13.29%,65.51%,--,--,1.00万元,天天基金F10购买信息,限大额,开放赎回,0.00%,1.20%（每年）,0.20%（每年）,0.40%（每年）,---: 0.00%,小于7天: 1.50%；大于等于7天，小于30天: 0.50%；大于等于30天: 0.00%,https://fundf10.eastmoney.com/jjgg_017145_3.html
008253,华宝致远混合(QDII)A,人民币,A,全球,场外/联接/LOF,2026-05-25,96.09%,150.48%,50.19%,--,1.00万元,天天基金F10购买信息,限大额,开放赎回,0.15%,1.20%（每年）,0.20%（每年）,0.00%（每年）,小于100万元: 1.50% | 0.15%；大于等于100万元，小于200万元: 1.00% | 0.10%；大于等于200万元，小于500万元: 0.50% | 0.05%；大于等于500万元: 每笔1000元,小于7天: 1.50%；大于等于7天，小于30天: 0.75%；大于等于30天，小于365天: 0.50%；大于等于365天，小于730天: 0.25%；大于等于730天: 0.00%,https://fundf10.eastmoney.com/jjgg_008253_3.html
008254,华宝致远混合(QDII)C,人民币,C,全球,场外/联接/LOF,2026-05-25,95.30%,147.48%,47.23%,--,1.00万元,天天基金F10购买信息,限大额,开放赎回,0.00%,1.20%（每年）,0.20%（每年）,0.40%（每年）,---: 0.00%,小于7天: 1.50%；大于等于7天，小于30天: 0.50%；大于等于30天: 0.00%,https://fundf10.eastmoney.com/jjgg_008254_3.html
006447,华夏海外聚享混合发起式(QDII-FOF)A美元现钞,美元,未标明,全球,场外/联接/LOF,2026-05-21,8.18%,29.42%,29.36%,--,,,限大额,开放赎回,,1.20%（每年）,0.20%（每年）,0.00%（每年）,小于10万美元: 1.00%；大于等于10万美元，小于40万美元: 0.80%；大于等于40万美元，小于100万美元: 0.60%；大于等于100万美元: 每笔200美元,小于7天: 1.50%；大于等于7天，小于30天: 0.75%；大于等于30天，小于180天: 0.50%；大于等于180天: 0.00%,https://fundf10.eastmoney.com/jjgg_006447_3.html
006446,华夏海外聚享混合发起式(QDII-FOF)A美元现汇,美元,未标明,全球,场外/联接/LOF,2026-05-21,8.18%,29.42%,29.36%,--,,,限大额,开放赎回,,1.20%（每年）,0.20%（每年）,0.00%（每年）,小于10万美元: 1.00%；大于等于10万美元，小于40万美元: 0.80%；大于等于40万美元，小于100万美元: 0.60%；大于等于100万美元: 每笔200美元,小于7天: 1.50%；大于等于7天，小于30天: 0.75%；大于等于30天，小于180天: 0.50%；大于等于180天: 0.00%,https://fundf10.eastmoney.com/jjgg_006446_3.html
006445,华夏海外聚享混合发起式(QDII-FOF)A人民币,人民币,A,全球,场外/联接/LOF,2026-05-25,2.78%,25.37%,37.45%,--,10.00万元,天天基金F10购买信息,限大额,开放赎回,0.10%,1.20%（每年）,0.20%（每年）,0.00%（每年）,小于50万元: 1.00% | 0.10%；大于等于50万元，小于200万元: 0.80% | 0.08%；大于等于200万元，小于500万元: 0.60% | 0.06%；大于等于500万元: 每笔1000元,小于7天: 1.50%；大于等于7天，小于30天: 0.75%；大于等于30天，小于180天: 0.50%；大于等于180天: 0.00%,https://fundf10.eastmoney.com/jjgg_006445_3.html
006448,华夏海外聚享混合发起式(QDII-FOF)C人民币,人民币,C,全球,场外/联接/LOF,2026-05-25,2.37%,23.88%,34.49%,--,10.00万元,天天基金F10购买信息,限大额,开放赎回,0.00%,1.20%（每年）,0.20%（每年）,0.40%（每年）,---: 0.00%,小于7天: 1.50%；大于等于7天，小于30天: 0.75%；大于等于30天: 0.00%,https://fundf10.eastmoney.com/jjgg_006448_3.html
000041,华夏全球股票(QDII)(人民币),人民币,未标明,全球,场外/联接/LOF,2026-05-25,28.51%,81.54%,28.14%,117.69%,1.00万元,天天基金F10购买信息,限大额,开放赎回,0.16%,1.20%（每年）,0.20%（每年）,---,小于100万元: 1.60% | 0.16%；大于等于100万元，小于500万元: 1.30% | 0.13%；大于等于500万元，小于1000万元: 0.90% | 0.09%；大于等于1000万元: 每笔1000元,小于7天: 1.50%；大于等于7天: 0.50%,https://fundf10.eastmoney.com/jjgg_000041_3.html
019550,华夏全球股票美元现钞(QDII),美元,未标明,全球,场外/联接/LOF,2026-05-21,35.30%,--,--,--,,,限大额,开放赎回,,1.20%（每年）,0.20%（每年）,未披露/不适用,小于20万美元: 1.60%；大于等于20万美元，小于100万美元: 1.30%；大于等于100万美元，小于200万美元: 0.90%；大于等于200万美元: 每笔200美元,小于7天: 1.50%；大于等于7天: 0.50%,https://fundf10.eastmoney.com/jjgg_019550_3.html
019549,华夏全球股票美元现汇(QDII),美元,未标明,全球,场外/联接/LOF,2026-05-21,35.30%,--,--,--,,,限大额,开放赎回,,1.20%（每年）,0.20%（每年）,未披露/不适用,小于20万美元: 1.60%；大于等于20万美元，小于100万美元: 1.30%；大于等于100万美元，小于200万美元: 0.90%；大于等于200万美元: 每笔200美元,小于7天: 1.50%；大于等于7天: 0.50%,https://fundf10.eastmoney.com/jjgg_019549_3.html
019448,华夏全球科技先锋混合(QDII)A(美元现钞),美元,未标明,全球,场外/联接/LOF,2026-05-21,115.06%,--,--,--,,,限大额,开放赎回,,1.20%（每年）,0.20%（每年）,0.00%（每年）,小于10万美元: 1.50%；大于等于10万美元，小于40万美元: 1.20%；大于等于40万美元，小于100万美元: 0.80%；大于等于100万美元: 每笔200美元,小于7天: 1.50%；大于等于7天，小于30天: 0.75%；大于等于30天，小于365天: 0.50%；大于等于365天: 0.00%,https://fundf10.eastmoney.com/jjgg_019448_3.html
019447,华夏全球科技先锋混合(QDII)A(美元现汇),美元,未标明,全球,场外/联接/LOF,2026-05-21,115.06%,--,--,--,,,限大额,开放赎回,,1.20%（每年）,0.20%（每年）,0.00%（每年）,小于10万美元: 1.50%；大于等于10万美元，小于40万美元: 1.20%；大于等于40万美元，小于100万美元: 0.80%；大于等于100万美元: 每笔200美元,小于7天: 1.50%；大于等于7天，小于30天: 0.75%；大于等于30天，小于365天: 0.50%；大于等于365天: 0.00%,https://fundf10.eastmoney.com/jjgg_019447_3.html
005698,华夏全球科技先锋混合(QDII)A(人民币),人民币,未标明,全球,场外/联接/LOF,2026-05-25,104.29%,209.97%,156.28%,--,5000元,天天基金F10基本概况实时交易状态,限大额,开放赎回,0.15%,1.20%（每年）,0.20%（每年）,0.00%（每年）,小于50万元: 1.50% | 0.15%；大于等于50万元，小于200万元: 1.20% | 0.12%；大于等于200万元，小于500万元: 0.80% | 0.08%；大于等于500万元: 每笔1000元,小于7天: 1.50%；大于等于7天，小于30天: 0.75%；大于等于30天，小于365天: 0.50%；大于等于365天: 0.00%,https://fundf10.eastmoney.com/jjgg_005698_3.html
024239,华夏全球科技先锋混合(QDII)C,人民币,C,全球,场外/联接/LOF,2026-05-25,102.18%,--,--,--,5000元,天天基金F10基本概况实时交易状态,限大额,开放赎回,0.00%,1.20%（每年）,0.20%（每年）,0.60%（每年）,---: 0.00%,小于7天: 1.50%；大于等于7天，小于30天: 0.50%；大于等于30天: 0.00%,https://fundf10.eastmoney.com/jjgg_024239_3.html
016201,汇添富全球汽车产业升级混合(QDII)美元现钞,美元,未标明,全球,场外/联接/LOF,2026-05-21,11.27%,52.49%,--,--,0美元,天天基金F10基本概况实时交易状态,暂停申购,暂停赎回,,1.20%（每年）,0.20%（每年）,0.00%（每年）,小于20万美元: 0.16%；大于等于20万美元，小于100万美元: 0.10%；大于等于100万美元: 每笔200美元,小于7天: 1.50%；大于等于7天，小于30天: 0.75%；大于等于30天，小于180天: 0.50%；大于等于180天: 0.00%,https://fundf10.eastmoney.com/jjgg_016201_3.html
016200,汇添富全球汽车产业升级混合(QDII)美元现汇,美元,未标明,全球,场外/联接/LOF,2026-05-21,11.27%,52.14%,--,--,0美元,天天基金F10基本概况实时交易状态,暂停申购,开放赎回,0.16%,1.20%（每年）,0.20%（每年）,0.00%（每年）,小于20万美元: 1.60% | 0.16%；大于等于20万美元，小于100万美元: 1.00% | 0.10%；大于等于100万美元: 每笔200美元,小于7天: 1.50%；大于等于7天，小于30天: 0.75%；大于等于30天，小于180天: 0.50%；大于等于180天: 0.00%,https://fundf10.eastmoney.com/jjgg_016200_3.html
016199,汇添富全球汽车产业升级混合(QDII)人民币A,人民币,A,全球,场外/联接/LOF,2026-05-25,5.71%,47.67%,--,--,10.00万元,天天基金F10购买信息,限大额,开放赎回,0.16%,1.20%（每年）,0.20%（每年）,0.00%（每年）,小于100万元: 1.60% | 0.16%；大于等于100万元，小于500万元: 1.00% | 0.10%；大于等于500万元: 每笔1000元,小于7天: 1.50%；大于等于7天，小于30天: 0.75%；大于等于30天，小于180天: 0.50%；大于等于180天: 0.00%,https://fundf10.eastmoney.com/jjgg_016199_3.html
016202,汇添富全球汽车产业升级混合(QDII)人民币C,人民币,C,全球,场外/联接/LOF,2026-05-25,5.07%,45.19%,--,--,10.00万元,天天基金F10购买信息,限大额,开放赎回,0.00%,1.20%（每年）,0.20%（每年）,0.60%（每年）,---: 0.00%,小于7天: 1.50%；大于等于7天，小于30天: 0.50%；大于等于30天: 0.00%,https://fundf10.eastmoney.com/jjgg_016202_3.html
006310,汇添富全球消费混合(QDII)美元现汇,美元,未标明,全球,场外/联接/LOF,2026-05-24,8.45%,28.13%,-18.93%,--,0美元,天天基金F10基本概况实时交易状态,暂停申购,开放赎回,0.16%,1.20%（每年）,0.20%（每年）,0.00%（每年）,小于20万美元: 1.60% | 0.16%；大于等于20万美元，小于50万美元: 1.00% | 0.10%；大于等于50万美元，小于100万美元: 0.50% | 0.05%；大于等于100万美元: 每笔200美元,小于7天: 1.50%；大于等于7天，小于30天: 0.75%；大于等于30天，小于180天: 0.50%；大于等于180天: 0.00%,https://fundf10.eastmoney.com/jjgg_006310_3.html
006308,汇添富全球消费混合(QDII)人民币A,人民币,A,全球,场外/联接/LOF,2026-05-25,3.02%,24.12%,-13.84%,--,1000元,天天基金F10基本概况实时交易状态,限大额,开放赎回,0.16%,1.20%（每年）,0.20%（每年）,0.00%（每年）,小于100万元: 1.60% | 0.16%；大于等于100万元，小于200万元: 1.00% | 0.10%；大于等于200万元，小于500万元: 0.50% | 0.05%；大于等于500万元: 每笔1000元,小于7天: 1.50%；大于等于7天，小于30天: 0.75%；大于等于30天，小于180天: 0.50%；大于等于180天: 0.00%,https://fundf10.eastmoney.com/jjgg_006308_3.html
006309,汇添富全球消费混合(QDII)人民币C,人民币,C,全球,场外/联接/LOF,2026-05-25,1.98%,20.45%,-18.05%,--,1000元,天天基金F10基本概况实时交易状态,限大额,开放赎回,0.00%,1.20%（每年）,0.20%（每年）,1.00%（每年）,---: 0.00%,小于7天: 1.50%；大于等于7天，小于30天: 0.50%；大于等于30天: 0.00%,https://fundf10.eastmoney.com/jjgg_006309_3.html
004879,汇添富全球医疗混合(QDII)美元现钞,美元,未标明,全球,场外/联接/LOF,2026-05-21,18.55%,36.96%,6.89%,--,0美元,天天基金F10基本概况实时交易状态,暂停申购,暂停赎回,,1.20%（每年）,0.20%（每年）,---,小于20万美元: 0.16%；大于等于20万美元，小于50万美元: 0.10%；大于等于50万美元，小于100万美元: 0.05%；大于等于100万美元: 每笔200美元,小于7天: 1.50%；大于等于7天，小于30天: 0.75%；大于等于30天，小于180天: 0.50%；大于等于180天: 0.00%,https://fundf10.eastmoney.com/jjgg_004879_3.html
004878,汇添富全球医疗混合(QDII)美元现汇,美元,未标明,全球,场外/联接/LOF,2026-05-21,18.55%,36.96%,6.89%,--,0美元,天天基金F10基本概况实时交易状态,暂停申购,开放赎回,0.16%,1.20%（每年）,0.20%（每年）,---,小于20万美元: 1.60% | 0.16%；大于等于20万美元，小于50万美元: 1.00% | 0.10%；大于等于50万美元，小于100万美元: 0.50% | 0.05%；大于等于100万美元: 每笔200美元,小于7天: 1.50%；大于等于7天，小于30天: 0.75%；大于等于30天，小于180天: 0.50%；大于等于180天: 0.00%,https://fundf10.eastmoney.com/jjgg_004878_3.html
004877,汇添富全球医疗混合(QDII)人民币,人民币,未标明,全球,场外/联接/LOF,2026-05-25,12.62%,32.67%,13.61%,--,1.00万元,天天基金F10购买信息,限大额,开放赎回,0.16%,1.20%（每年）,0.20%（每年）,---,小于100万元: 1.60% | 0.16%；大于等于100万元，小于200万元: 1.00% | 0.10%；大于等于200万元，小于500万元: 0.50% | 0.05%；大于等于500万元: 每笔1000元,小于7天: 1.50%；大于等于7天，小于30天: 0.75%；大于等于30天，小于180天: 0.50%；大于等于180天: 0.00%,https://fundf10.eastmoney.com/jjgg_004877_3.html
006426,汇添富全球移动互联混合(QDII)美元现汇,美元,未标明,全球,场外/联接/LOF,2026-05-24,47.79%,--,--,--,0美元,天天基金F10基本概况实时交易状态,暂停申购,暂停赎回,0.16%,1.20%（每年）,0.20%（每年）,0.00%（每年）,小于20万美元: 1.60% | 0.16%；大于等于20万美元，小于50万美元: 1.00% | 0.10%；大于等于50万美元，小于100万美元: 0.50% | 0.05%；大于等于100万美元: 每笔200美元,小于7天: 1.50%；大于等于7天，小于30天: 0.75%；大于等于30天，小于180天: 0.50%；大于等于180天: 0.00%,https://fundf10.eastmoney.com/jjgg_006426_3.html
001668,汇添富全球移动互联混合(QDII)人民币A,人民币,A,全球,场外/联接/LOF,2026-05-25,40.44%,121.80%,84.98%,--,5000元,天天基金F10基本概况实时交易状态,限大额,开放赎回,0.16%,1.20%（每年）,0.20%（每年）,0.00%（每年）,小于100万元: 1.60% | 0.16%；大于等于100万元，小于200万元: 1.00% | 0.10%；大于等于200万元，小于500万元: 0.50% | 0.05%；大于等于500万元: 每笔1000元,小于7天: 1.50%；大于等于7天，小于30天: 0.75%；大于等于30天，小于180天: 0.50%；大于等于180天: 0.00%,https://fundf10.eastmoney.com/jjgg_001668_3.html
015202,汇添富全球移动互联混合(QDII)人民币C,人民币,C,全球,场外/联接/LOF,2026-05-25,39.60%,117.52%,--,--,5000元,天天基金F10基本概况实时交易状态,限大额,开放赎回,0.00%,1.20%（每年）,0.20%（每年）,0.60%（每年）,---: 0.00%,小于7天: 1.50%；大于等于7天，小于30天: 0.50%；大于等于30天: 0.00%,https://fundf10.eastmoney.com/jjgg_015202_3.html
015203,汇添富全球移动互联混合(QDII)人民币D,人民币,D,全球,场外/联接/LOF,2026-05-24,39.86%,118.79%,--,--,,,限大额,开放赎回,,1.20%（每年）,0.20%（每年）,0.40%（每年）,---: 0.00%,小于7天: 1.50%；大于等于7天，小于30天: 0.50%；大于等于30天: 0.00%,https://fundf10.eastmoney.com/jjgg_015203_3.html
019076,嘉实全球产业精选混合发起式(QDII)美元,美元,未标明,全球,场外/联接/LOF,2026-05-21,27.76%,--,--,--,0美元,天天基金F10基本概况实时交易状态,暂停申购,暂停赎回,,1.20%（每年）,0.20%（每年）,---,小于20万美元: 0.15%；大于等于20万美元，小于100万美元: 0.08%；大于等于100万美元: 每笔200美元,小于7天: 1.50%；大于等于7天，小于30天: 0.75%；大于等于30天，小于180天: 0.50%；大于等于180天: 0.00%,https://fundf10.eastmoney.com/jjgg_019076_3.html
019075,嘉实全球产业精选混合发起式(QDII)人民币,人民币,未标明,全球,场外/联接/LOF,2026-05-22,21.51%,--,--,--,无限额,天天基金F10购买信息,开放申购,开放赎回,0.15%,1.20%（每年）,0.20%（每年）,---,小于100万元: 1.50% | 0.15%；大于等于100万元，小于500万元: 0.80% | 0.08%；大于等于500万元: 每笔1000元,小于7天: 1.50%；大于等于7天，小于30天: 0.75%；大于等于30天，小于180天: 0.50%；大于等于180天: 0.00%,https://fundf10.eastmoney.com/jjgg_019075_3.html
017730,嘉实全球产业升级股票发起式(QDII)A,人民币,A,全球,场外/联接/LOF,2026-05-22,151.41%,287.62%,--,--,100元,天天基金F10基本概况实时交易状态,限大额,开放赎回,0.15%,1.20%（每年）,0.20%（每年）,0.00%（每年）,小于100万元: 1.50% | 0.15%；大于等于100万元，小于200万元: 1.00% | 0.10%；大于等于200万元，小于500万元: 0.60% | 0.06%；大于等于500万元: 每笔1000元,小于7天: 1.50%；大于等于7天，小于30天: 0.75%；大于等于30天，小于180天: 0.50%；大于等于180天: 0.00%,https://fundf10.eastmoney.com/jjgg_017730_3.html
017731,嘉实全球产业升级股票发起式(QDII)C,人民币,C,全球,场外/联接/LOF,2026-05-22,149.89%,280.78%,--,--,100元,天天基金F10基本概况实时交易状态,限大额,开放赎回,0.00%,1.20%（每年）,0.20%（每年）,0.60%（每年）,---: 0.00%,小于7天: 1.50%；大于等于7天，小于30天: 0.50%；大于等于30天: 0.00%,https://fundf10.eastmoney.com/jjgg_017731_3.html
017430,嘉实全球创新龙头股票(QDII)美元,美元,未标明,全球,场外/联接/LOF,2026-05-21,11.92%,12.23%,--,--,0美元,天天基金F10基本概况实时交易状态,暂停申购,暂停赎回,,1.20%（每年）,0.20%（每年）,0.00%（每年）,小于20万美元: 0.15%；大于等于20万美元，小于40万美元: 0.10%；大于等于40万美元，小于100万美元: 0.06%；大于等于100万美元: 每笔200美元,小于7天: 1.50%；大于等于7天，小于30天: 0.75%；大于等于30天，小于180天: 0.50%；大于等于180天: 0.00%,https://fundf10.eastmoney.com/jjgg_017430_3.html
017429,嘉实全球创新龙头股票(QDII)人民币A,人民币,A,全球,场外/联接/LOF,2026-05-22,6.38%,9.32%,--,--,无限额,天天基金F10购买信息,开放申购,开放赎回,0.15%,1.20%（每年）,0.20%（每年）,0.00%（每年）,小于100万元: 1.50% | 0.15%；大于等于100万元，小于200万元: 1.00% | 0.10%；大于等于200万元，小于500万元: 0.60% | 0.06%；大于等于500万元: 每笔1000元,小于7天: 1.50%；大于等于7天，小于30天: 0.75%；大于等于30天，小于180天: 0.50%；大于等于180天: 0.00%,https://fundf10.eastmoney.com/jjgg_017429_3.html
017431,嘉实全球创新龙头股票(QDII)人民币C,人民币,C,全球,场外/联接/LOF,2026-05-22,5.75%,7.71%,--,--,无限额,天天基金F10购买信息,开放申购,开放赎回,0.00%,1.20%（每年）,0.20%（每年）,0.60%（每年）,---: 0.00%,小于7天: 1.50%；大于等于7天，小于30天: 0.50%；大于等于30天: 0.00%,https://fundf10.eastmoney.com/jjgg_017431_3.html
000990,嘉实全球互联网股票美元现钞,美元,未标明,全球,场外/联接/LOF,2026-05-21,8.86%,30.27%,3.10%,131.66%,0美元,天天基金F10基本概况实时交易状态,暂停申购,暂停赎回,,1.20%（每年）,0.20%（每年）,---,小于50万元: 0.15%；大于等于50万元，小于200万元: 0.12%；大于等于200万元，小于500万元: 0.08%；大于等于500万元: 每笔1000元,小于7天: 1.50%；大于等于7天，小于30天: 0.75%；大于等于30天，小于365天: 0.50%；大于等于365天，小于730天: 0.30%；大于等于730天: 0.00%,https://fundf10.eastmoney.com/jjgg_000990_3.html
000989,嘉实全球互联网股票美元现汇,美元,未标明,全球,场外/联接/LOF,2026-05-21,8.86%,30.27%,3.10%,131.66%,0美元,天天基金F10基本概况实时交易状态,暂停申购,开放赎回,0.15%,1.20%（每年）,0.20%（每年）,---,小于50万元: 1.50% | 0.15%；大于等于50万元，小于200万元: 1.20% | 0.12%；大于等于200万元，小于500万元: 0.80% | 0.08%；大于等于500万元: 每笔1000元,小于7天: 1.50%；大于等于7天，小于30天: 0.75%；大于等于30天，小于365天: 0.50%；大于等于365天，小于730天: 0.30%；大于等于730天: 0.00%,https://fundf10.eastmoney.com/jjgg_000989_3.html
000988,嘉实全球互联网股票人民币,人民币,未标明,全球,场外/联接/LOF,2026-05-22,3.51%,26.98%,9.65%,142.84%,100元,天天基金F10基本概况实时交易状态,限大额,开放赎回,0.15%,1.20%（每年）,0.20%（每年）,---,小于50万元: 1.50% | 0.15%；大于等于50万元，小于200万元: 1.20% | 0.12%；大于等于200万元，小于500万元: 0.80% | 0.08%；大于等于500万元: 每笔1000元,小于7天: 1.50%；大于等于7天，小于30天: 0.75%；大于等于30天，小于365天: 0.50%；大于等于365天，小于730天: 0.30%；大于等于730天: 0.00%,https://fundf10.eastmoney.com/jjgg_000988_3.html
013329,嘉实全球价值股票(QDII)美元现汇,美元,未标明,全球,场外/联接/LOF,2026-05-21,39.04%,86.52%,--,--,0美元,天天基金F10基本概况实时交易状态,暂停申购,开放赎回,0.15%,1.20%（每年）,0.20%（每年）,---,小于50万元: 1.50% | 0.15%；大于等于50万元，小于200万元: 1.20% | 0.12%；大于等于200万元，小于500万元: 0.80% | 0.08%；大于等于500万元: 每笔1000元,小于7天: 1.50%；大于等于7天，小于30天: 0.75%；大于等于30天，小于365天: 0.50%；大于等于365天，小于730天: 0.30%；大于等于730天: 0.00%,https://fundf10.eastmoney.com/jjgg_013329_3.html
013328,嘉实全球价值股票(QDII)人民币,人民币,未标明,全球,场外/联接/LOF,2026-05-22,32.22%,81.85%,--,--,100元,天天基金F10基本概况实时交易状态,限大额,开放赎回,0.15%,1.20%（每年）,0.20%（每年）,---,小于50万元: 1.50% | 0.15%；大于等于50万元，小于200万元: 1.20% | 0.12%；大于等于200万元，小于500万元: 0.80% | 0.08%；大于等于500万元: 每笔1000元,小于7天: 1.50%；大于等于7天，小于30天: 0.75%；大于等于30天，小于365天: 0.50%；大于等于365天，小于730天: 0.30%；大于等于730天: 0.00%,https://fundf10.eastmoney.com/jjgg_013328_3.html
016667,景顺长城全球半导体芯片股票A(QDII-LOF)(美元现汇),美元,未标明,全球,场外/联接/LOF,2026-05-21,144.86%,222.17%,--,--,,,暂停申购,开放赎回,,1.20%（每年）,0.20%（每年）,0.00%（每年）,小于20万美元: 1.60%；大于等于20万美元，小于50万美元: 1.10%；大于等于50万美元，小于100万美元: 0.60%；大于等于100万美元: 每笔200美元,小于7天: 1.50%；大于等于7天，小于30天: 0.75%；大于等于30天，小于180天: 0.50%；大于等于180天: 0.00%,https://fundf10.eastmoney.com/jjgg_016667_3.html
501225,景顺长城全球半导体芯片股票A(QDII-LOF)(人民币),人民币,未标明,全球,场外/联接/LOF,2026-05-21,126.32%,215.78%,--,--,100元,天天基金F10基本概况实时交易状态,暂停申购,开放赎回,0.15%,1.20%（每年）,0.20%（每年）,0.00%（每年）,小于100万元: 1.50% | 0.15%；大于等于100万元，小于300万元: 1.00% | 0.10%；大于等于300万元，小于500万元: 0.50% | 0.05%；大于等于500万元: 每笔1000元,小于7天: 1.50%；大于等于7天，小于30天: 0.75%；大于等于30天，小于180天: 0.50%；大于等于180天: 0.00%,https://fundf10.eastmoney.com/jjgg_501225_3.html
016668,景顺长城全球半导体芯片股票C(QDII-LOF)(人民币),人民币,未标明,全球,场外/联接/LOF,2026-05-21,131.78%,208.17%,--,--,100元,天天基金F10基本概况实时交易状态,暂停申购,开放赎回,0.00%,1.20%（每年）,0.20%（每年）,0.40%（每年）,---: 0.00%,小于7天: 1.50%；大于等于7天，小于30天: 0.50%；大于等于30天: 0.00%,https://fundf10.eastmoney.com/jjgg_016668_3.html
017972,摩根海外稳健配置混合(QDII-FOF)美元现钞,美元,未标明,全球,场外/联接/LOF,2026-05-21,3.05%,--,--,--,,,限大额,开放赎回,,0.80%（每年）,0.15%（每年）,0.00%（每年）,小于10万美元: 0.20%；大于等于10万美元，小于100万美元: 0.10%；大于等于100万美元: 每笔200美元,小于7天: 1.50%；大于等于7天，小于365天: 0.10%；大于等于365天，小于730天: 0.05%；大于等于730天: 0.00%,https://fundf10.eastmoney.com/jjgg_017972_3.html
017971,摩根海外稳健配置混合(QDII-FOF)美元现汇,美元,未标明,全球,场外/联接/LOF,2026-05-21,3.05%,--,--,--,,,限大额,开放赎回,,0.80%（每年）,0.15%（每年）,0.00%（每年）,小于10万美元: 0.20%；大于等于10万美元，小于100万美元: 0.10%；大于等于100万美元: 每笔200美元,小于7天: 1.50%；大于等于7天，小于365天: 0.10%；大于等于365天，小于730天: 0.05%；大于等于730天: 0.00%,https://fundf10.eastmoney.com/jjgg_017971_3.html
017970,摩根海外稳健配置混合(QDII-FOF)人民币A,人民币,A,全球,场外/联接/LOF,2026-05-25,-2.14%,6.21%,--,--,10.00万元,天天基金F10购买信息,限大额,开放赎回,0.20%,0.80%（每年）,0.15%（每年）,0.00%（每年）,小于100万元: 0.20%；大于等于100万元，小于500万元: 0.10%；大于等于500万元: 每笔1000元,小于7天: 1.50%；大于等于7天，小于365天: 0.10%；大于等于365天，小于730天: 0.05%；大于等于730天: 0.00%,https://fundf10.eastmoney.com/jjgg_017970_3.html
020512,摩根海外稳健配置混合(QDII-FOF)人民币C,人民币,C,全球,场外/联接/LOF,2026-05-25,-2.54%,--,--,--,10.00万元,天天基金F10购买信息,限大额,开放赎回,0.00%,0.80%（每年）,0.15%（每年）,0.40%（每年）,---: 0.00%,小于7天: 1.50%；大于等于7天，小于365天: 0.10%；大于等于365天，小于730天: 0.05%；大于等于730天: 0.00%,https://fundf10.eastmoney.com/jjgg_020512_3.html
003630,摩根全球多元配置(QDII-FOF)美元现钞,美元,未标明,全球,场外/联接/LOF,2026-05-21,15.69%,35.13%,23.76%,--,,,限大额,开放赎回,,1.20%（每年）,0.20%（每年）,0.00%（每年）,小于100万美元: 1.50%；大于等于100万美元，小于200万美元: 1.00%；大于等于200万美元: 每笔200美元,小于7天: 1.50%；大于等于7天，小于30天: 0.75%；大于等于30天，小于365天: 0.50%；大于等于365天，小于730天: 0.35%；大于等于730天，小于1095天: 0.20%；大于等于1095天: 0.00%,https://fundf10.eastmoney.com/jjgg_003630_3.html
003631,摩根全球多元配置(QDII-FOF)美元现汇,美元,未标明,全球,场外/联接/LOF,2026-05-21,15.69%,35.13%,23.76%,--,,,限大额,开放赎回,,1.20%（每年）,0.20%（每年）,0.00%（每年）,小于100万美元: 1.50%；大于等于100万美元，小于200万美元: 1.00%；大于等于200万美元: 每笔200美元,小于7天: 1.50%；大于等于7天，小于30天: 0.75%；大于等于30天，小于365天: 0.50%；大于等于365天，小于730天: 0.35%；大于等于730天，小于1095天: 0.20%；大于等于1095天: 0.00%,https://fundf10.eastmoney.com/jjgg_003631_3.html
003629,摩根全球多元配置(QDII-FOF)人民币A,人民币,A,全球,场外/联接/LOF,2026-05-25,10.45%,32.42%,31.45%,--,10.00万元,天天基金F10购买信息,限大额,开放赎回,1.50%,1.20%（每年）,0.20%（每年）,0.00%（每年）,小于500万元: 1.50%；大于等于500万元，小于1000万元: 1.00%；大于等于1000万元: 每笔1000元,小于7天: 1.50%；大于等于7天，小于30天: 0.75%；大于等于30天，小于365天: 0.50%；大于等于365天，小于730天: 0.35%；大于等于730天，小于1095天: 0.20%；大于等于1095天: 0.00%,https://fundf10.eastmoney.com/jjgg_003629_3.html
019512,摩根全球多元配置(QDII-FOF)人民币C,人民币,C,全球,场外/联接/LOF,2026-05-25,10.13%,--,--,--,10.00万元,天天基金F10购买信息,限大额,开放赎回,0.00%,1.20%（每年）,0.20%（每年）,0.30%（每年）,---: 0.00%,小于7天: 1.50%；大于等于7天，小于30天: 0.50%；大于等于30天: 0.00%,https://fundf10.eastmoney.com/jjgg_019512_3.html
202801,南方全球精选配置股票(QDII-FOF)A,人民币,A,全球,场外/联接/LOF,2026-05-25,14.83%,21.34%,-11.84%,58.88%,无限额,天天基金F10购买信息,开放申购,开放赎回,0.16%,1.20%（每年）,0.20%（每年）,0.00%（每年）,小于100万元: 1.60% | 0.16%；大于等于100万元，小于500万元: 1.00% | 0.10%；大于等于500万元，小于1000万元: 0.50% | 0.05%；大于等于1000万元: 每笔1000元,小于7天: 1.50%；大于等于7天，小于1年: 0.50%；大于等于1年，小于2年: 0.30%；大于等于2年: 0.00%,https://fundf10.eastmoney.com/jjgg_202801_3.html
023591,南方全球精选配置股票(QDII-FOF)C,人民币,C,全球,场外/联接/LOF,2026-05-25,14.21%,--,--,--,无限额,天天基金F10购买信息,开放申购,开放赎回,0.00%,1.20%（每年）,0.20%（每年）,0.50%（每年）,---: 0.00%,小于7天: 1.50%；大于等于7天，小于30天: 0.50%；大于等于30天: 0.00%,https://fundf10.eastmoney.com/jjgg_023591_3.html
006555,浦银安盛全球智能科技(QDII)A,人民币,A,全球,场外/联接/LOF,2026-05-24,89.13%,173.58%,138.27%,--,100元,天天基金F10基本概况实时交易状态,暂停申购,开放赎回,0.15%,1.20%（每年）,0.20%（每年）,0.00%（每年）,小于100万元: 1.50% | 0.15%；大于等于100万元，小于300万元: 1.00% | 0.10%；大于等于300万元，小于500万元: 0.30% | 0.03%；大于等于500万元: 每笔1000元,小于7天: 1.50%；大于等于7天，小于30天: 0.75%；大于等于30天，小于365天: 0.50%；大于等于365天，小于730天: 0.25%；大于等于730天: 0.00%,https://fundf10.eastmoney.com/jjgg_006555_3.html
014002,浦银安盛全球智能科技(QDII)C,人民币,C,全球,场外/联接/LOF,2026-05-24,88.31%,170.39%,--,--,100元,天天基金F10基本概况实时交易状态,暂停申购,开放赎回,0.00%,1.20%（每年）,0.20%（每年）,0.40%（每年）,---: 0.00%,小于7天: 1.50%；大于等于7天，小于30天: 0.50%；大于等于30天: 0.00%,https://fundf10.eastmoney.com/jjgg_014002_3.html
017071,申万菱信全球新能源股票型发起式(QDII)A,人民币,A,全球,场外/联接/LOF,2026-05-25,52.53%,--,--,--,无限额,天天基金F10购买信息,开放申购,开放赎回,0.10%,1.20%（每年）,0.20%（每年）,0.00%（每年）,小于100万元: 1.00% | 0.10%；大于等于100万元，小于500万元: 0.60% | 0.06%；大于等于500万元: 每笔1000元,小于7天: 1.50%；大于等于7天，小于30天: 0.75%；大于等于30天，小于180天: 0.50%；大于等于180天: 0.00%,https://fundf10.eastmoney.com/jjgg_017071_3.html
017072,申万菱信全球新能源股票型发起式(QDII)C,人民币,C,全球,场外/联接/LOF,2026-05-25,52.16%,--,--,--,无限额,天天基金F10购买信息,开放申购,开放赎回,0.00%,1.20%（每年）,0.20%（每年）,0.20%（每年）,---: 0.00%,小于7天: 1.50%；大于等于7天，小于30天: 0.50%；大于等于30天: 0.00%,https://fundf10.eastmoney.com/jjgg_017072_3.html
016664,天弘全球高端制造混合(QDII)A,人民币,A,全球,场外/联接/LOF,2026-05-25,187.55%,233.02%,--,--,100元,天天基金F10基本概况实时交易状态,限大额,开放赎回,0.15%,1.20%（每年）,0.20%（每年）,0.00%（每年）,小于100万元: 1.50% | 0.15%；大于等于100万元，小于200万元: 1.00% | 0.10%；大于等于200万元，小于500万元: 0.80% | 0.08%；大于等于500万元: 每笔1000元,小于7天: 1.50%；大于等于7天，小于30天: 0.75%；大于等于30天，小于365天: 0.50%；大于等于365天，小于730天: 0.25%；大于等于730天: 0.00%,https://fundf10.eastmoney.com/jjgg_016664_3.html
016665,天弘全球高端制造混合(QDII)C,人民币,C,全球,场外/联接/LOF,2026-05-25,186.57%,230.00%,--,--,100元,天天基金F10基本概况实时交易状态,限大额,开放赎回,0.00%,1.20%（每年）,0.20%（每年）,0.30%（每年）,---: 0.00%,小于7天: 1.50%；大于等于7天，小于30天: 0.50%；大于等于30天: 0.00%,https://fundf10.eastmoney.com/jjgg_016665_3.html
164212,天弘全球新能源汽车股票(QDII-LOF)A,人民币,A,全球,场外/联接/LOF,2026-05-25,87.06%,--,--,--,1.00万元,天天基金F10购买信息,限大额,开放赎回,0.12%,1.20%（每年）,0.20%（每年）,0.00%（每年）,小于500万元: 1.20% | 0.12%；大于等于500万元: 每笔1000元,小于7天: 1.50%；大于等于7天，小于30天: 0.75%；大于等于30天，小于180天: 0.50%；大于等于180天，小于365天: 0.25%；大于等于365天: 0.00%,https://fundf10.eastmoney.com/jjgg_164212_3.html
016823,天弘全球新能源汽车股票(QDII-LOF)C,人民币,C,全球,场外/联接/LOF,2026-05-25,85.96%,--,--,--,1.00万元,天天基金F10购买信息,限大额,开放赎回,0.00%,1.20%（每年）,0.20%（每年）,0.25%（每年）,---: 0.00%,小于7天: 1.50%；大于等于7天，小于30天: 0.50%；大于等于30天: 0.00%,https://fundf10.eastmoney.com/jjgg_016823_3.html
012535,万家全球成长一年持有期混合(QDII)A,人民币,A,全球,场外/联接/LOF,2026-05-22,45.92%,52.49%,--,--,无限额,天天基金F10购买信息,开放申购,开放赎回,0.15%,1.20%（每年）,0.20%（每年）,0.00%（每年）,小于100万元: 1.50% | 0.15%；大于等于100万元，小于300万元: 1.20% | 0.12%；大于等于300万元，小于500万元: 0.80% | 0.08%；大于等于500万元: 每笔1000元,---: 0.00%,https://fundf10.eastmoney.com/jjgg_012535_3.html
012536,万家全球成长一年持有期混合(QDII)C,人民币,C,全球,场外/联接/LOF,2026-05-22,45.03%,49.76%,--,--,无限额,天天基金F10购买信息,开放申购,开放赎回,0.00%,1.20%（每年）,0.20%（每年）,0.60%（每年）,---: 0.00%,---: 0.00%,https://fundf10.eastmoney.com/jjgg_012536_3.html
012921,易方达全球成长精选混合(QDII)美元现汇A,美元,A,全球,场外/联接/LOF,2026-05-24,218.50%,349.89%,--,--,0美元,天天基金F10基本概况实时交易状态,暂停申购,开放赎回,0.15%,1.20%（每年）,0.20%（每年）,0.00%（每年）,小于20万美元: 1.50% | 0.15%；大于等于20万美元，小于100万美元: 1.20% | 0.12%；大于等于100万美元: 每笔200美元,小于等于6天: 1.50%；大于等于7天，小于等于29天: 0.75%；大于等于30天，小于等于364天: 0.50%；大于等于365天，小于等于729天: 0.25%；大于等于730天: 0.00%,https://fundf10.eastmoney.com/jjgg_012921_3.html
012923,易方达全球成长精选混合(QDII)美元现汇C,美元,C,全球,场外/联接/LOF,2026-05-24,216.90%,344.35%,--,--,0美元,天天基金F10基本概况实时交易状态,暂停申购,开放赎回,0.00%,1.20%（每年）,0.20%（每年）,0.40%（每年）,---: 0.00%,小于等于6天: 1.50%；大于等于7天，小于等于29天: 0.50%；大于等于30天: 0.00%,https://fundf10.eastmoney.com/jjgg_012923_3.html
012920,易方达全球成长精选混合(QDII)人民币A,人民币,A,全球,场外/联接/LOF,2026-05-25,202.49%,335.92%,--,--,20元,天天基金F10基本概况实时交易状态,限大额,开放赎回,0.15%,1.20%（每年）,0.20%（每年）,0.00%（每年）,小于100万元: 1.50% | 0.15%；大于等于100万元，小于500万元: 1.20% | 0.12%；大于等于500万元: 每笔1000元,小于等于6天: 1.50%；大于等于7天，小于等于29天: 0.75%；大于等于30天，小于等于364天: 0.50%；大于等于365天，小于等于729天: 0.25%；大于等于730天: 0.00%,https://fundf10.eastmoney.com/jjgg_012920_3.html
012922,易方达全球成长精选混合(QDII)人民币C,人民币,C,全球,场外/联接/LOF,2026-05-25,201.03%,330.30%,--,--,20元,天天基金F10基本概况实时交易状态,限大额,开放赎回,0.00%,1.20%（每年）,0.20%（每年）,0.40%（每年）,---: 0.00%,小于等于6天: 1.50%；大于等于7天，小于等于29天: 0.50%；大于等于30天: 0.00%,https://fundf10.eastmoney.com/jjgg_012922_3.html
019157,易方达全球配置混合(QDII)A(美元现汇),美元,未标明,全球,场外/联接/LOF,2026-05-24,109.05%,--,--,--,0美元,天天基金F10基本概况实时交易状态,暂停申购,开放赎回,0.15%,1.20%（每年）,0.20%（每年）,0.00%（每年）,小于20万美元: 1.50% | 0.15%；大于等于20万美元，小于100万美元: 1.20% | 0.12%；大于等于100万美元: 每笔200美元,小于等于6天: 1.50%；大于等于7天，小于等于29天: 0.75%；大于等于30天，小于等于179天: 0.50%；大于等于180天: 0.00%,https://fundf10.eastmoney.com/jjgg_019157_3.html
019155,易方达全球配置混合(QDII)A(人民币),人民币,未标明,全球,场外/联接/LOF,2026-05-25,98.57%,--,--,--,100元,天天基金F10基本概况实时交易状态,限大额,开放赎回,0.15%,1.20%（每年）,0.20%（每年）,0.00%（每年）,小于100万元: 1.50% | 0.15%；大于等于100万元，小于500万元: 1.20% | 0.12%；大于等于500万元: 每笔1000元,小于等于6天: 1.50%；大于等于7天，小于等于29天: 0.75%；大于等于30天，小于等于179天: 0.50%；大于等于180天: 0.00%,https://fundf10.eastmoney.com/jjgg_019155_3.html
019158,易方达全球配置混合(QDII)C(美元现汇),美元,未标明,全球,场外/联接/LOF,2026-05-24,107.88%,--,--,--,0美元,天天基金F10基本概况实时交易状态,暂停申购,开放赎回,0.00%,1.20%（每年）,0.20%（每年）,0.50%（每年）,---: 0.00%,小于等于6天: 1.50%；大于等于7天，小于等于29天: 0.50%；大于等于30天: 0.00%,https://fundf10.eastmoney.com/jjgg_019158_3.html
019156,易方达全球配置混合(QDII)C(人民币),人民币,未标明,全球,场外/联接/LOF,2026-05-25,97.47%,--,--,--,100元,天天基金F10基本概况实时交易状态,限大额,开放赎回,0.00%,1.20%（每年）,0.20%（每年）,0.50%（每年）,---: 0.00%,小于等于6天: 1.50%；大于等于7天，小于等于29天: 0.50%；大于等于30天: 0.00%,https://fundf10.eastmoney.com/jjgg_019156_3.html
008285,易方达全球医药行业混合发起式(QDII)A(美元现汇),美元,未标明,全球,场外/联接/LOF,2026-05-24,30.91%,40.28%,-34.42%,--,0美元,天天基金F10基本概况实时交易状态,暂停申购,开放赎回,0.15%,1.20%（每年）,0.20%（每年）,0.00%（每年）,小于20万美元: 1.50% | 0.15%；大于等于20万美元，小于40万美元: 1.20% | 0.12%；大于等于40万美元，小于100万美元: 0.30% | 0.03%；大于等于100万美元: 每笔200美元,小于等于6天: 1.50%；大于等于7天，小于等于29天: 0.75%；大于等于30天，小于等于364天: 0.50%；大于等于365天，小于等于729天: 0.25%；大于等于730天: 0.00%,https://fundf10.eastmoney.com/jjgg_008285_3.html
008284,易方达全球医药行业混合发起式(QDII)A(人民币),人民币,未标明,全球,场外/联接/LOF,2026-05-25,24.29%,35.85%,-30.32%,--,无限额,天天基金F10购买信息,开放申购,开放赎回,0.15%,1.20%（每年）,0.20%（每年）,0.00%（每年）,小于100万元: 1.50% | 0.15%；大于等于100万元，小于200万元: 1.20% | 0.12%；大于等于200万元，小于500万元: 0.30% | 0.03%；大于等于500万元: 每笔1000元,小于等于6天: 1.50%；大于等于7天，小于等于29天: 0.75%；大于等于30天，小于等于364天: 0.50%；大于等于365天，小于等于729天: 0.25%；大于等于730天: 0.00%,https://fundf10.eastmoney.com/jjgg_008284_3.html
019036,易方达全球医药行业混合发起式(QDII)C(美元现汇),美元,未标明,全球,场外/联接/LOF,2026-05-21,31.06%,--,--,--,0美元,天天基金F10基本概况实时交易状态,暂停申购,开放赎回,0.00%,1.20%（每年）,0.20%（每年）,0.50%（每年）,---: 0.00%,小于等于6天: 1.50%；大于等于7天，小于等于29天: 0.50%；大于等于30天: 0.00%,https://fundf10.eastmoney.com/jjgg_019036_3.html
019035,易方达全球医药行业混合发起式(QDII)C(人民币),人民币,未标明,全球,场外/联接/LOF,2026-05-25,24.54%,--,--,--,无限额,天天基金F10购买信息,开放申购,开放赎回,0.00%,1.20%（每年）,0.20%（每年）,0.50%（每年）,---: 0.00%,小于等于6天: 1.50%；大于等于7天，小于等于29天: 0.50%；大于等于30天: 0.00%,https://fundf10.eastmoney.com/jjgg_019035_3.html
018231,易方达全球优质企业混合(QDII)A(美元现汇份额),美元,未标明,全球,场外/联接/LOF,2026-05-24,113.29%,--,--,--,0美元,天天基金F10基本概况实时交易状态,暂停申购,开放赎回,0.15%,1.20%（每年）,0.20%（每年）,0.00%（每年）,小于20万美元: 1.50% | 0.15%；大于等于20万美元，小于100万美元: 1.20% | 0.12%；大于等于100万美元: 每笔200美元,小于等于6天: 1.50%；大于等于7天，小于等于29天: 0.75%；大于等于30天，小于等于179天: 0.50%；大于等于180天: 0.00%,https://fundf10.eastmoney.com/jjgg_018231_3.html
018229,易方达全球优质企业混合(QDII)A(人民币份额),人民币,未标明,全球,场外/联接/LOF,2026-05-25,102.63%,--,--,--,5.00万元,天天基金F10购买信息,限大额,开放赎回,0.15%,1.20%（每年）,0.20%（每年）,0.00%（每年）,小于100万元: 1.50% | 0.15%；大于等于100万元，小于500万元: 1.20% | 0.12%；大于等于500万元: 每笔1000元,小于等于6天: 1.50%；大于等于7天，小于等于29天: 0.75%；大于等于30天，小于等于179天: 0.50%；大于等于180天: 0.00%,https://fundf10.eastmoney.com/jjgg_018229_3.html
018232,易方达全球优质企业混合(QDII)C(美元现汇份额),美元,未标明,全球,场外/联接/LOF,2026-05-24,112.17%,--,--,--,0美元,天天基金F10基本概况实时交易状态,暂停申购,开放赎回,0.00%,1.20%（每年）,0.20%（每年）,0.50%（每年）,---: 0.00%,小于等于6天: 1.50%；大于等于7天，小于等于29天: 0.50%；大于等于30天: 0.00%,https://fundf10.eastmoney.com/jjgg_018232_3.html
018230,易方达全球优质企业混合(QDII)C(人民币份额),人民币,未标明,全球,场外/联接/LOF,2026-05-25,101.59%,--,--,--,5.00万元,天天基金F10购买信息,限大额,开放赎回,0.00%,1.20%（每年）,0.20%（每年）,0.50%（每年）,---: 0.00%,小于等于6天: 1.50%；大于等于7天，小于等于29天: 0.50%；大于等于30天: 0.00%,https://fundf10.eastmoney.com/jjgg_018230_3.html
016701,银华海外数字经济量化选股混合发起式(QDII)A,人民币,A,全球,场外/联接/LOF,2026-05-22,48.76%,108.27%,--,--,10.00万元,天天基金F10购买信息,限大额,开放赎回,0.15%,1.20%（每年）,0.20%（每年）,0.00%（每年）,小于1000万元: 1.50% | 0.15%；大于等于1000万元: 每笔1000元,小于7天: 1.50%；大于等于7天，小于30天: 0.75%；大于等于30天，小于180天: 0.50%；大于等于180天: 0.00%,https://fundf10.eastmoney.com/jjgg_016701_3.html
016702,银华海外数字经济量化选股混合发起式(QDII)C,人民币,C,全球,场外/联接/LOF,2026-05-22,48.16%,105.43%,--,--,10.00万元,天天基金F10购买信息,限大额,开放赎回,0.00%,1.20%（每年）,0.20%（每年）,0.40%（每年）,---: 0.00%,小于7天: 1.50%；大于等于7天，小于30天: 0.50%；大于等于30天: 0.00%,https://fundf10.eastmoney.com/jjgg_016702_3.html
015204,银华全球新能源车量化优选股票(QDII)A,人民币,A,全球,场外/联接/LOF,2026-05-22,26.63%,70.62%,--,--,无限额,天天基金F10购买信息,开放申购,开放赎回,0.15%,1.20%（每年）,0.20%（每年）,0.00%（每年）,小于1000万元: 1.50% | 0.15%；大于等于1000万元: 每笔1000元,小于7天: 1.50%；大于等于7天，小于30天: 0.75%；大于等于30天，小于180天: 0.50%；大于等于180天: 0.00%,https://fundf10.eastmoney.com/jjgg_015204_3.html
015205,银华全球新能源车量化优选股票(QDII)C,人民币,C,全球,场外/联接/LOF,2026-05-22,26.12%,68.32%,--,--,无限额,天天基金F10购买信息,开放申购,开放赎回,0.00%,1.20%（每年）,0.20%（每年）,0.40%（每年）,---: 0.00%,小于7天: 1.50%；大于等于7天，小于30天: 0.50%；大于等于30天: 0.00%,https://fundf10.eastmoney.com/jjgg_015205_3.html
501226,长城全球新能源车股票发起式(QDII)A,人民币,A,全球,场外/联接/LOF,2026-05-25,85.24%,163.88%,--,--,100元,天天基金F10基本概况实时交易状态,限大额,开放赎回,0.15%,1.20%（每年）,0.20%（每年）,0.00%（每年）,小于100万元: 1.50% | 0.15%；大于等于100万元，小于300万元: 1.00% | 0.10%；大于等于300万元，小于500万元: 0.50% | 0.05%；大于等于500万元: 每笔1000元,小于7天: 1.50%；大于等于7天，小于30天: 0.75%；大于等于30天，小于184天: 0.50%；大于等于184天，小于365天: 0.25%；大于等于365天: 0.00%,https://fundf10.eastmoney.com/jjgg_501226_3.html
018036,长城全球新能源车股票发起式(QDII)C,人民币,C,全球,场外/联接/LOF,2026-05-25,83.96%,159.68%,--,--,100元,天天基金F10基本概况实时交易状态,限大额,开放赎回,0.00%,1.20%（每年）,0.20%（每年）,0.60%（每年）,---: 0.00%,小于7天: 1.50%；大于等于7天，小于30天: 0.50%；大于等于30天: 0.00%,https://fundf10.eastmoney.com/jjgg_018036_3.html
008183,招商普盛全球配置(QDII-FOF)美元现钞,美元,未标明,全球,场外/联接/LOF,2026-05-24,14.09%,23.74%,8.25%,--,0美元,天天基金F10基本概况实时交易状态,暂停申购,暂停赎回,,1.20%（每年）,0.20%（每年）,0.00%（每年）,小于20万美元: 0.15%；大于等于20万美元，小于100万美元: 0.10%；大于等于100万美元: 每笔200美元,小于7天: 1.50%；大于等于7天，小于30天: 0.75%；大于等于30天，小于365天: 0.50%；大于等于365天: 0.00%,https://fundf10.eastmoney.com/jjgg_008183_3.html
007975,招商普盛全球配置(QDII-FOF)美元现汇,美元,未标明,全球,场外/联接/LOF,2026-05-24,14.09%,23.74%,8.25%,--,0美元,天天基金F10基本概况实时交易状态,暂停申购,暂停赎回,,1.20%（每年）,0.20%（每年）,0.00%（每年）,小于20万美元: 0.15%；大于等于20万美元，小于100万美元: 0.10%；大于等于100万美元: 每笔200美元,小于7天: 1.50%；大于等于7天，小于30天: 0.75%；大于等于30天，小于365天: 0.50%；大于等于365天: 0.00%,https://fundf10.eastmoney.com/jjgg_007975_3.html
007729,招商普盛全球配置(QDII)人民币A,人民币,A,全球,场外/联接/LOF,2026-05-25,7.65%,19.01%,14.26%,--,无限额,天天基金F10购买信息,开放申购,开放赎回,0.15%,1.20%（每年）,0.20%（每年）,0.00%（每年）,小于100万元: 1.50% | 0.15%；大于等于100万元，小于500万元: 1.00% | 0.10%；大于等于500万元: 每笔1000元,小于7天: 1.50%；大于等于7天，小于30天: 0.75%；大于等于30天，小于365天: 0.50%；大于等于365天: 0.00%,https://fundf10.eastmoney.com/jjgg_007729_3.html
023559,招商普盛全球配置(QDII)人民币C,人民币,C,全球,场外/联接/LOF,2026-05-25,6.91%,--,--,--,无限额,天天基金F10购买信息,开放申购,开放赎回,0.00%,1.20%（每年）,0.20%（每年）,0.50%（每年）,---: 0.00%,小于7天: 1.50%；大于等于7天，小于180天: 0.50%；大于等于180天: 0.00%,https://fundf10.eastmoney.com/jjgg_023559_3.html
025339,招商普盛全球配置(QDII)人民币D,人民币,D,全球,场外/联接/LOF,2026-05-21,--,--,--,--,,,开放申购,开放赎回,,1.20%（每年）,0.20%（每年）,0.00%（每年）,小于100万元: 1.20%；大于等于100万元，小于500万元: 0.80%；大于等于500万元: 每笔1000元,小于30天: 1.50%；大于等于30天，小于180天: 0.80%；大于等于180天，小于365天: 0.55%；大于等于365天: 0.00%,https://fundf10.eastmoney.com/jjgg_025339_3.html
163813,中银全球策略(QDII-FOF)A,人民币,A,全球,场外/联接/LOF,2026-05-25,27.96%,74.99%,68.69%,98.14%,500.00万元,天天基金F10购买信息,限大额,开放赎回,0.15%,1.20%（每年）,0.20%（每年）,0.00%（每年）,小于100万元: 1.50% | 0.15%；大于等于100万元，小于200万元: 1.20% | 0.12%；大于等于200万元，小于500万元: 1.00% | 0.10%；大于等于500万元: 每笔1000元,小于7天: 1.50%；大于等于7天，小于365天: 0.50%；大于等于365天，小于730天: 0.25%；大于等于730天: 0.00%,https://fundf10.eastmoney.com/jjgg_163813_3.html
020957,中银全球策略(QDII-FOF)C,人民币,C,全球,场外/联接/LOF,2026-05-25,27.53%,--,--,--,500.00万元,天天基金F10购买信息,限大额,开放赎回,0.00%,1.20%（每年）,0.20%（每年）,0.40%（每年）,---: 0.00%,小于7天: 1.50%；大于等于7天，小于30天: 0.50%；大于等于30天: 0.00%,https://fundf10.eastmoney.com/jjgg_020957_3.html
